cve_id,cvss_score,cvss_severity,published,epss_score,epss_percentile,kev_flag,kev_date_added,kev_ransomware_use,description,kev_vuln_name,kev_short_description,kev_required_action
CVE-2013-4758,6.8,MEDIUM,2013-10-04T17:55:09.947,0.0233,0.81915,False,,,"Double free vulnerability in the writeDataError function in the ElasticSearch plugin (omelasticsearch) in rsyslog before 7.4.2 and before 7.5.2 devel, when errorfile is set to local logging, allows remote attackers to cause a denial of service (crash) and possibly execute arbitrary code via a crafted JSON response.",,,
CVE-2014-4326,7.5,HIGH,2014-07-22T14:55:09.550,0.03297,0.87332,False,,,Elasticsearch Logstash 1.0.14 through 1.4.x before 1.4.2 allows remote attackers to execute arbitrary commands via a crafted event in (1) zabbix.rb or (2) nagios_nsca.rb in outputs/.,,,
CVE-2014-3120,8.1,HIGH,2014-07-28T19:55:04.490,0.88559,0.99759,True,2022-03-25,Unknown,"The default configuration in Elasticsearch before 1.2 enables dynamic scripting, which allows remote attackers to execute arbitrary MVEL expressions and Java code via the source parameter to _search.  NOTE: this only violates the vendor's intended security policy if the user does not run Elasticsearch in its own independent virtual machine.",Elasticsearch Remote Code Execution Vulnerability,"Elasticsearch enables dynamic scripting, which allows remote attackers to execute arbitrary MVEL expressions and Java code.",Apply updates per vendor instructions.
CVE-2014-6439,4.3,MEDIUM,2014-10-10T01:55:11.430,0.02023,0.79119,False,,,Cross-site scripting (XSS) vulnerability in the CORS functionality in Elasticsearch before 1.4.0.Beta1 allows remote attackers to inject arbitrary web script or HTML via unspecified vectors.,,,
CVE-2015-1427,9.8,CRITICAL,2015-02-17T15:59:04.560,0.99906,0.99966,True,2022-03-25,Unknown,The Groovy scripting engine in Elasticsearch before 1.3.8 and 1.4.x before 1.4.3 allows remote attackers to bypass the sandbox protection mechanism and execute arbitrary shell commands via a crafted script.,Elasticsearch Groovy Scripting Engine Remote Code Execution Vulnerability,The Groovy scripting engine in Elasticsearch allows remote attackers to bypass the sandbox protection mechanism and execute arbitrary shell commands.,Apply updates per vendor instructions.
CVE-2015-3337,4.3,MEDIUM,2015-05-01T15:59:06.850,0.33129,0.98205,False,,,"Directory traversal vulnerability in Elasticsearch before 1.4.5 and 1.5.x before 1.5.2, when a site plugin is enabled, allows remote attackers to read arbitrary files via unspecified vectors.",,,
CVE-2015-4093,4.3,MEDIUM,2015-06-15T15:59:01.460,0.02043,0.7933,False,,,Cross-site scripting (XSS) vulnerability in Elasticsearch Kibana 4.x before 4.0.3 allows remote attackers to inject arbitrary web script or HTML via unspecified vectors.,,,
CVE-2015-4152,6.4,MEDIUM,2015-06-15T15:59:11.540,0.0303,0.86209,False,,,Directory traversal vulnerability in the file output plugin in Elasticsearch Logstash before 1.4.3 allows remote attackers to write to arbitrary files via vectors related to dynamic field references in the path option.,,,
CVE-2015-5531,5.0,MEDIUM,2015-08-17T15:59:02.437,0.9175,0.99806,False,,,Directory traversal vulnerability in Elasticsearch before 1.6.1 allows remote attackers to read arbitrary files via unspecified vectors related to snapshot API calls.,,,
CVE-2015-8131,6.8,MEDIUM,2015-12-07T20:59:16.393,0.0088,0.55713,False,,,Cross-site request forgery (CSRF) vulnerability in Elasticsearch Kibana before 4.1.3 and 4.2.x before 4.2.1 allows remote attackers to hijack the authentication of unspecified victims via unknown vectors.,,,
CVE-2016-1000221,7.5,HIGH,2017-06-16T21:29:00.337,0.01767,0.75953,False,,,"Logstash prior to version 2.3.4, Elasticsearch Output plugin would log to file HTTP authorization headers which could contain sensitive information.",,,
CVE-2016-10362,6.5,MEDIUM,2017-06-16T21:29:00.400,0.01082,0.62025,False,,,"Prior to Logstash version 5.0.1, Elasticsearch Output plugin when updating connections after sniffing, would log to file HTTP basic auth credentials.",,,
CVE-2017-8442,6.5,MEDIUM,2017-07-07T20:29:00.177,0.00924,0.57067,False,,,"Elasticsearch X-Pack Security versions 5.0.0 to 5.4.3, when enabled, can result in the Elasticsearch _nodes API leaking sensitive configuration information, such as the paths and passphrases of SSL keys that were configured as part of an authentication realm. This could allow an authenticated Elasticsearch user to improperly view these details.",,,
CVE-2015-4165,7.5,HIGH,2017-08-09T16:29:00.253,0.0445,0.90504,False,,,"The snapshot API in Elasticsearch before 1.6.0 when another application exists on the system that can read Lucene files and execute code from them, is accessible by the attacker, and the Java VM on which Elasticsearch is running can write to a location that the other application can read and execute from, allows remote authenticated users to write to and create arbitrary snapshot metadata files, and potentially execute arbitrary code.",,,
CVE-2017-12629,9.8,CRITICAL,2017-10-14T23:29:00.260,0.91896,0.99809,False,,,"Remote code execution occurs in Apache Solr before 7.1 with Apache Lucene before 7.1 by exploiting XXE in conjunction with use of a Config API add-listener command to reach the RunExecutableListener class. Elasticsearch, although it uses Lucene, is NOT vulnerable to this. Note that the XML external entity expansion vulnerability occurs in the XML Query Parser which is available, by default, for any query request with parameters deftype=xmlparser and can be exploited to upload malicious data to the /upload request handler or as Blind XXE using ftp wrapper in order to read arbitrary local files from the Solr server. Note also that the second vulnerability relates to remote code execution using the RunExecutableListener available on all affected versions of Solr.",,,
CVE-2015-5377,9.8,CRITICAL,2018-03-06T20:29:00.390,0.14576,0.96313,False,,,Elasticsearch before 1.6.1 allows remote attackers to execute arbitrary code via unspecified vectors involving the transport protocol.  NOTE: ZDI appears to claim that CVE-2015-3253 and CVE-2015-5377 are the same vulnerability,,,
CVE-2018-8074,8.1,HIGH,2018-03-21T18:29:00.347,0.0152,0.72173,False,,,Yii 2.x before 2.0.15 allows remote attackers to inject unintended search conditions via a variant of the CVE-2018-7269 attack in conjunction with the Elasticsearch extension.,,,
CVE-2017-12195,6.5,MEDIUM,2018-07-27T15:29:00.297,0.01398,0.69862,False,,,"A flaw was found in all Openshift Enterprise versions using the openshift elasticsearch plugin. An attacker with knowledge of the given name used to authenticate and access Elasticsearch can later access it without the token, bypassing authentication. This attack also requires that the Elasticsearch be configured with an external route, and the data accessed is limited to the indices.",,,
CVE-2018-3825,5.9,MEDIUM,2018-09-19T19:29:00.500,0.00555,0.43233,False,,,"In Elastic Cloud Enterprise (ECE) versions prior to 1.1.4 a default master encryption key is used in the process of granting ZooKeeper access to Elasticsearch clusters. Unless explicitly overwritten, this master key is predictable across all ECE deployments. If an attacker can connect to ZooKeeper directly they would be able to access configuration information of other tenants if their cluster ID is known.",,,
CVE-2018-3826,6.5,MEDIUM,2018-09-19T19:29:00.627,0.00692,0.49445,False,,,In Elasticsearch versions 6.0.0-beta1 to 6.2.4 a disclosure flaw was found in the _snapshot API. When the access_key and security_key parameters are set using the _snapshot API they can be exposed as plain text by users able to query the _snapshot API.,,,
CVE-2018-3827,8.1,HIGH,2018-09-19T19:29:00.767,0.01014,0.59963,False,,,A sensitive data disclosure flaw was found in the Elasticsearch repository-azure (formerly elasticsearch-cloud-azure) plugin. When the repository-azure plugin is set to log at TRACE level Azure credentials can be inadvertently logged.,,,
CVE-2018-3831,8.8,HIGH,2018-09-19T19:29:01.343,0.01985,0.78673,False,,,"Elasticsearch Alerting and Monitoring in versions before 6.4.1 or 5.6.12 have an information disclosure issue when secrets are configured via the API. The Elasticsearch _cluster/settings API, when queried, could leak sensitive configuration information such as passwords, tokens, or usernames. This could allow an authenticated Elasticsearch user to improperly view these details.",,,
CVE-2018-17244,6.5,MEDIUM,2018-12-20T22:29:00.240,0.01456,0.70982,False,,,"Elasticsearch Security versions 6.4.0 to 6.4.2 contain an error in the way request headers are applied to requests when using the Active Directory, LDAP, Native, or File realms. A request may receive headers intended for another request if the same username is being authenticated concurrently; when used with run as, this can result in the request running as the incorrect user. This could allow a user to access information that they should not have access to.",,,
CVE-2018-17247,5.9,MEDIUM,2018-12-20T22:29:00.427,0.01383,0.69569,False,,,Elasticsearch Security versions 6.5.0 and 6.5.1 contain an XXE flaw in Machine Learning's find_file_structure API. If a policy allowing external network access has been added to Elasticsearch's Java Security Manager then an attacker could send a specially crafted request capable of leaking content of local files on the Elasticsearch node. This could allow a user to access information that they should not have access to.,,,
CVE-2019-7611,8.1,HIGH,2019-03-25T19:29:02.257,0.02149,0.80373,False,,,"A permission issue was found in Elasticsearch versions before 5.6.15 and 6.6.1 when Field Level Security and Document Level Security are disabled and the _aliases, _shrink, or _split endpoints are used . If the elasticsearch.yml file has xpack.security.dls_fls.enabled set to false, certain permission checks are skipped when users perform one of the actions mentioned above, to make existing data available under a new index/alias name. This could result in an attacker gaining additional permissions against a restricted index.",,,
CVE-2019-7614,5.9,MEDIUM,2019-07-30T22:15:12.443,0.01008,0.59793,False,,,"A race condition flaw was found in the response headers Elasticsearch versions before 7.2.1 and 6.8.2 returns to a request. On a system with multiple users submitting requests, it could be possible for an attacker to gain access to response header containing sensitive data from another user.",,,
CVE-2019-7619,5.3,MEDIUM,2019-10-30T14:15:11.380,0.02429,0.82675,False,,,Elasticsearch versions 7.0.0-7.3.2 and 6.7.0-6.8.3 contain a username disclosure flaw was found in the API Key service. An unauthenticated attacker could send a specially crafted request and determine if a username exists in the Elasticsearch native realm.,,,
CVE-2019-18460,7.5,HIGH,2019-11-26T15:15:12.127,0.01155,0.63997,False,,,An issue was discovered in GitLab Community and Enterprise Edition 8.15 through 12.4 in the Comments Search feature provided by the Elasticsearch integration. It has Incorrect Access Control.,,,
CVE-2019-18456,5.3,MEDIUM,2019-11-26T17:15:12.673,0.0088,0.55719,False,,,An issue was discovered in GitLab Community and Enterprise Edition 8.17 through 12.4 in the Search feature provided by Elasticsearch integration.. It has Insecure Permissions (issue 1 of 4).,,,
CVE-2019-5487,5.3,MEDIUM,2019-12-18T21:15:14.507,0.01392,0.69753,False,,,"An improper access control vulnerability exists in Gitlab EE <v12.3.3, <v12.2.7, & <v12.1.13 that allowed the group search feature with Elasticsearch to return private code, merge requests and commits.",,,
CVE-2019-19629,7.5,HIGH,2020-01-05T22:15:11.253,0.01155,0.63997,False,,,"In GitLab EE 10.5 through 12.5.3, 12.4.5, and 12.3.8, when transferring a public project to a private group, private code would be disclosed via the Group Search API provided by the Elasticsearch integration.",,,
CVE-2019-15590,7.5,HIGH,2020-01-28T03:15:10.717,0.01107,0.62731,False,,,"An access control issue exists in < 12.3.5, < 12.2.8, and < 12.1.14 for GitLab Community Edition (CE) and Enterprise Edition (EE) where private merge requests and issues would be disclosed with the Group Search feature provided by Elasticsearch integration",,,
CVE-2020-9386,4.3,MEDIUM,2020-03-09T16:15:16.017,0.01001,0.59584,False,,,"In Mahara 18.10 before 18.10.5, 19.04 before 19.04.4, and 19.10 before 19.10.2, file metadata information is disclosed to group members in the Elasticsearch result list despite them not having access to that artefact anymore.",,,
CVE-2020-7009,8.8,HIGH,2020-03-31T19:15:14.447,0.016,0.73454,False,,,Elasticsearch versions from 6.7.0 before 6.8.8 and 7.0.0 before 7.6.2 contain a privilege escalation flaw if an attacker is able to create API keys. An attacker who is able to generate an API key can perform a series of steps that result in an API key being generated with elevated privileges.,,,
CVE-2020-9387,4.3,MEDIUM,2020-04-30T13:15:13.460,0.00724,0.50599,False,,,"In Mahara 19.04 before 19.04.5 and 19.10 before 19.10.3, account details are shared in the Elasticsearch results for accounts that are not accessible when the config setting 'Isolated institutions' is turned on.",,,
CVE-2020-7010,7.5,HIGH,2020-06-03T18:15:22.697,0.01439,0.70645,False,,,Elastic Cloud on Kubernetes (ECK) versions prior to 1.1.0 generate passwords using a weak random number generator. If an attacker is able to determine when the current Elastic Stack cluster was deployed they may be able to more easily brute force the Elasticsearch credentials generated by ECK.,,,
CVE-2020-7014,8.8,HIGH,2020-06-03T18:15:23.043,0.01543,0.72577,False,,,The fix for CVE-2020-7009 was found to be incomplete. Elasticsearch versions from 6.7.0 to 6.8.7 and 7.0.0 to 7.6.1 contain a privilege escalation flaw if an attacker is able to create API keys and also authentication tokens. An attacker who is able to generate an API key and an authentication token can perform a series of steps that result in an authentication token being generated with elevated privileges.,,,
CVE-2020-7019,6.5,MEDIUM,2020-08-18T17:15:11.677,0.01204,0.65335,False,,,"In Elasticsearch before 7.9.0 and 6.8.12 a field disclosure flaw was found when running a scrolling search with Field Level Security. If a user runs the same query another more privileged user recently ran, the scrolling search can leak fields that should be hidden. This could result in an attacker gaining additional permissions against a restricted index.",,,
CVE-2020-7020,3.1,LOW,2020-10-22T17:15:12.693,0.01011,0.59897,False,,,Elasticsearch versions before 6.8.13 and 7.9.2 contain a document disclosure flaw when Document or Field Level Security is used. Search queries do not properly preserve security permissions when executing certain complex queries. This could result in the search disclosing the existence of documents the attacker should not be able to view. This could result in an attacker gaining additional insight into potentially sensitive indices.,,,
CVE-2020-24303,6.1,MEDIUM,2020-10-28T14:15:12.330,0.01989,0.78717,False,,,Grafana before 7.1.0-beta 1 allows XSS via a query alias for the ElasticSearch datasource.,,,
CVE-2020-27816,6.1,MEDIUM,2020-12-02T01:15:12.843,0.00643,0.47439,False,,,"The elasticsearch-operator does not validate the namespace where kibana logging resource is created and due to that it is possible to replace the original openshift-logging console link (kibana console) to different one, created based on the new CR for the new kibana resource. This could lead to an arbitrary URL redirection or the openshift-logging console link damage. This flaw affects elasticsearch-operator-container versions before 4.7.",,,
CVE-2021-22132,4.8,MEDIUM,2021-01-14T20:15:13.407,0.01241,0.66333,False,,,Elasticsearch versions 7.7.0 to 7.10.1 contain an information disclosure flaw in the async search API. Users who execute an async search will improperly store the HTTP headers. An Elasticsearch user with the ability to read the .tasks index could obtain sensitive request headers of other users in the cluster. This issue is fixed in Elasticsearch 7.10.2,,,
CVE-2020-15097,9.1,CRITICAL,2021-02-02T18:15:11.420,0.02116,0.80073,False,,,"loklak is an open-source server application which is able to collect messages from various sources, including twitter. The server contains a search index and a peer-to-peer index sharing interface. All messages are stored in an elasticsearch index. In loklak less than or equal to commit 5f48476, a path traversal vulnerability exists. Insufficient input validation in the APIs exposed by the loklak server allowed a directory traversal vulnerability. Any admin configuration and files readable by the app available on the hosted file system can be retrieved by the attacker. Furthermore, user-controlled content could be written to any admin config and files readable by the application. This has been patched in commit 50dd692. Users will need to upgrade their hosted instances of loklak to not be vulnerable to this exploit.",,,
CVE-2020-7021,4.9,MEDIUM,2021-02-10T19:15:11.870,0.01313,0.67987,False,,,Elasticsearch versions before 7.10.0 and 6.8.14 have an information disclosure issue when audit logging and the emit_request_body option is enabled. The Elasticsearch audit log could contain sensitive information such as password hashes or authentication tokens. This could allow an Elasticsearch administrator to view these details.,,,
CVE-2021-22134,4.3,MEDIUM,2021-03-08T21:15:16.947,0.01112,0.62864,False,,,A document disclosure flaw was found in Elasticsearch versions after 7.6.0 and before 7.11.0 when Document or Field Level Security is used. Get requests do not properly apply security permissions when executing a query against a recently updated document. This affects documents that have been updated and not yet refreshed in the index. This could result in the search disclosing the existence of documents and fields the attacker should not be able to view.,,,
CVE-2021-22997,7.5,HIGH,2021-03-31T18:15:15.037,0.01075,0.61808,False,,,"On all 7.x and 6.x versions (fixed in 8.0.0), BIG-IQ HA ElasticSearch service does not implement any form of authentication for the clustering transport services, and all data used by ElasticSearch for transport is unencrypted. Note: Software versions which have reached End of Software Development (EoSD) are not evaluated.",,,
CVE-2021-31828,7.1,HIGH,2021-05-06T19:15:07.630,0.00893,0.5609,False,,,An SSRF issue in Open Distro for Elasticsearch (ODFE) before 1.13.1.0 allows an existing privileged user to enumerate listening services or interact with configured resources via HTTP requests exceeding the Alerting plugin's intended scope.,,,
CVE-2021-22135,5.3,MEDIUM,2021-05-13T18:15:08.957,0.01162,0.64203,False,,,Elasticsearch versions before 7.11.2 and 6.8.15 contain a document disclosure flaw was found in the Elasticsearch suggester and profile API when Document and Field Level Security are enabled. The suggester and profile API are normally disabled for an index when document level security is enabled on the index. Certain queries are able to enable the profiler and suggester which could lead to disclosing the existence of documents and fields the attacker should not be able to view.,,,
CVE-2021-22137,5.3,MEDIUM,2021-05-13T18:15:09.033,0.0111,0.62836,False,,,In Elasticsearch versions before 7.11.2 and 6.8.15 a document disclosure flaw was found when Document or Field Level Security is used. Search queries do not properly preserve security permissions when executing certain cross-cluster search queries. This could result in the search disclosing the existence of documents the attacker should not be able to view. This could result in an attacker gaining additional insight into potentially sensitive indices.,,,
CVE-2021-32743,8.8,HIGH,2021-07-15T16:15:09.620,0.01803,0.76423,False,,,"Icinga is a monitoring system which checks the availability of network resources, notifies users of outages, and generates performance data for reporting. In versions prior to 2.11.10 and from version 2.12.0 through version 2.12.4, some of the Icinga 2 features that require credentials for external services expose those credentials through the API to authenticated API users with read permissions for the corresponding object types. IdoMysqlConnection and IdoPgsqlConnection (every released version) exposes the password of the user used to connect to the database. IcingaDB (added in 2.12.0) exposes the password used to connect to the Redis server. ElasticsearchWriter (added in 2.8.0)exposes the password used to connect to the Elasticsearch server. An attacker who obtains these credentials can impersonate Icinga to these services and add, modify and delete information there. If credentials with more permissions are in use, this increases the impact accordingly. Starting with the 2.11.10 and 2.12.5 releases, these passwords are no longer exposed via the API. As a workaround, API user permissions can be restricted to not allow querying of any affected objects, either by explicitly listing only the required object types for object query permissions, or by applying a filter rule.",,,
CVE-2021-22145,6.5,MEDIUM,2021-07-21T15:15:14.063,0.76249,0.99488,False,,,A memory disclosure vulnerability was identified in Elasticsearch 7.10.0 to 7.13.3 error reporting. A user with the ability to submit arbitrary queries to Elasticsearch could submit a malformed query that would result in an error message returned containing previously used portions of a data buffer. This buffer could contain sensitive information such as Elasticsearch documents or authentication details.,,,
CVE-2021-22146,7.5,HIGH,2021-07-21T15:15:14.100,0.27788,0.97904,False,,,"All versions of Elastic Cloud Enterprise has the Elasticsearch “anonymous” user enabled by default in deployed clusters. While in the default setting the anonymous user has no permissions and is unable to successfully query any Elasticsearch APIs, an attacker could leverage the anonymous user to gain insight into certain details of a deployed cluster.",,,
CVE-2021-22144,6.5,MEDIUM,2021-07-26T12:15:08.547,0.0218,0.80649,False,,,In Elasticsearch versions before 7.13.3 and 6.8.17 an uncontrolled recursion vulnerability that could lead to a denial of service attack was identified in the Elasticsearch Grok parser. A user with the ability to submit arbitrary queries to Elasticsearch could create a malicious Grok query that will crash the Elasticsearch node.,,,
CVE-2021-37698,7.5,HIGH,2021-08-19T16:15:12.420,0.0142,0.7029,False,,,"Icinga is a monitoring system which checks the availability of network resources, notifies users of outages, and generates performance data for reporting. In versions 2.5.0 through 2.13.0, ElasticsearchWriter, GelfWriter, InfluxdbWriter and Influxdb2Writer do not verify the server's certificate despite a certificate authority being specified. Icinga 2 instances which connect to any of the mentioned time series databases (TSDBs) using TLS over a spoofable infrastructure should immediately upgrade to version 2.13.1, 2.12.6, or 2.11.11 to patch the issue. Such instances should also change the credentials (if any) used by the TSDB writer feature to authenticate against the TSDB. There are no workarounds aside from upgrading.",,,
CVE-2021-22147,6.5,MEDIUM,2021-09-15T12:15:08.917,0.01037,0.60677,False,,,Elasticsearch before 7.14.0 did not apply document and field level security to searchable snapshots. This could lead to an authenticated user gaining access to information that they are unauthorized to view.,,,
CVE-2022-23708,4.3,MEDIUM,2022-03-03T22:15:08.800,0.00924,0.57043,False,,,"A flaw was discovered in Elasticsearch 7.17.0’s upgrade assistant, in which upgrading from version 6.x to 7.x would disable the in-built protections on the security index, allowing authenticated users with “*” index permissions access to this index.",,,
CVE-2022-23711,5.3,MEDIUM,2022-04-21T19:15:08.947,0.00888,0.55942,False,,,A vulnerability in Kibana could expose sensitive information related to Elastic Stack monitoring in the Kibana page source. Elastic Stack monitoring features provide a way to keep a pulse on the health and performance of your Elasticsearch cluster. Authentication with a vulnerable Kibana instance is not required to view the exposed information. The Elastic Stack monitoring exposure only impacts users that have set any of the optional monitoring.ui.elasticsearch.* settings in order to configure Kibana as a remote UI for Elastic Stack Monitoring. The same vulnerability in Kibana could expose other non-sensitive application-internal information in the page source.,,,
CVE-2022-23712,7.5,HIGH,2022-06-06T18:15:09.300,0.07558,0.93931,False,,,"A Denial of Service flaw was discovered in Elasticsearch. Using this vulnerability, an unauthenticated attacker could forcibly shut down an Elasticsearch node with a specifically formatted network request.",,,
CVE-2022-34807,6.5,MEDIUM,2022-06-30T18:15:14.653,0.00691,0.49402,False,,,Jenkins Elasticsearch Query Plugin 1.2 and earlier stores a password unencrypted in its global configuration file on the Jenkins controller where it can be viewed by users with access to the Jenkins controller file system.,,,
CVE-2022-31115,8.8,HIGH,2022-06-30T22:15:08.773,0.01537,0.72466,False,,,"opensearch-ruby is a community-driven, open source fork of elasticsearch-ruby. In versions prior to 2.0.1 the ruby `YAML.load` function was used instead of `YAML.safe_load`. As a result opensearch-ruby 2.0.0 and prior can lead to unsafe deserialization using YAML.load if the response is of type YAML. An attacker must be in control of an opensearch server and convince the victim to connect to it in order to exploit this vulnerability. The problem has been patched in opensearch-ruby gem version 2.0.1. Users are advised to upgrade. There are no known workarounds for this issue.",,,
CVE-2022-23715,6.5,MEDIUM,2022-08-25T18:15:09.760,0.00699,0.49688,False,,,A flaw was discovered in ECE before 3.4.0 that might lead to the disclosure of sensitive information such as user passwords and Elasticsearch keystore settings values in logs such as the audit log or deployment logs in the Logging and Monitoring cluster. The affected APIs are PATCH /api/v1/user and PATCH /deployments/{deployment_id}/elasticsearch/{ref_id}/keystore,,,
CVE-2022-38299,4.3,MEDIUM,2022-09-12T22:15:08.697,0.00494,0.39778,False,,,An issue in the Elasticsearch plugin of Appsmith v1.7.11 allows attackers to connect disallowed hosts to the AWS/GCP internal metadata endpoint.,,,
CVE-2022-42123,7.5,HIGH,2022-11-15T01:15:13.053,0.00702,0.49812,False,,,"A Zip slip vulnerability in the Elasticsearch Connector in Liferay Portal 7.3.3 through 7.4.3.18, and Liferay DXP 7.3 before update 6, and 7.4 before update 19 allows attackers to create or overwrite existing files on the filesystem via the installation of a malicious Elasticsearch Sidecar plugin.",,,
CVE-2022-41918,6.3,MEDIUM,2022-11-15T23:15:28.283,0.0043,0.35428,False,,,"OpenSearch is a community-driven, open source fork of Elasticsearch and Kibana. There is an issue with the implementation of fine-grained access control rules (document-level security, field-level security and field masking) where they are not correctly applied to the indices that back data streams potentially leading to incorrect access authorization. OpenSearch 1.3.7 and 2.4.0 contain a fix for this issue. Users are advised to update. There are no known workarounds for this issue.",,,
CVE-2022-41917,4.3,MEDIUM,2022-11-16T00:15:11.283,0.00522,0.41491,False,,,"OpenSearch is a community-driven, open source fork of Elasticsearch and Kibana. OpenSearch allows users to specify a local file when defining text analyzers to process data for text analysis. An issue in the implementation of this feature allows certain specially crafted queries to return a response containing the first line of text from arbitrary files. The list of potentially impacted files is limited to text files with read permissions allowed in the Java Security Manager policy configuration. OpenSearch version 1.3.7 and 2.4.0 contain a fix for this issue. Users are advised to upgrade. There are no known workarounds for this issue.",,,
CVE-2021-37936,5.4,MEDIUM,2022-11-18T23:15:19.060,0.00456,0.37378,False,,,"It was discovered that Kibana was not sanitizing document fields containing HTML snippets. Using this vulnerability, an attacker with the ability to write documents to an elasticsearch index could inject HTML. When the Discover app highlighted a search term containing the HTML, it would be rendered for the user.",,,
CVE-2022-38656,8.6,HIGH,2022-12-12T13:15:14.470,0.00689,0.49341,False,,,"HCL Commerce, when using Elasticsearch, can allow a remote attacker to cause a denial of service attack on the site and make administrative changes.
",,,
CVE-2023-20034,7.5,HIGH,2023-09-27T18:15:10.793,0.00589,0.44951,False,,,"Vulnerability in the Elasticsearch database used in the of Cisco SD-WAN vManage software could allow an unauthenticated, remote attacker to access the Elasticsearch configuration database of an affected device with the privileges of the elasticsearch user.
 These vulnerability is due to the presence of a static username and password configured on the vManage. An attacker could exploit this vulnerability by sending a crafted HTTP request to a reachable vManage on port 9200. A successful exploit could allow the attacker to view the Elasticsearch database content.
   There are workarounds that address this vulnerability.",,,
CVE-2023-45807,5.4,MEDIUM,2023-10-16T22:15:12.790,0.0041,0.33711,False,,,"OpenSearch is a community-driven, open source fork of Elasticsearch and Kibana following the license change in early 2021. There is an issue with the implementation of tenant permissions in OpenSearch Dashboards where authenticated users with read-only access to a tenant can perform create, edit and delete operations on index metadata of dashboards and visualizations in that tenant, potentially rendering them unavailable. This issue does not affect index data, only metadata. Dashboards correctly enforces read-only permissions when indexing and updating documents. This issue does not provide additional read access to data users don’t already have. This issue can be mitigated by disabling the tenants functionality for the cluster. Versions 1.3.14 and 2.11.0 contain a fix for this issue.",,,
CVE-2023-46668,4.6,MEDIUM,2023-10-26T00:15:12.150,0.00348,0.27508,False,,,"If Elastic Endpoint (v7.9.0 - v8.10.3) is configured to use a non-default option in which the logging level is explicitly set to debug, and when Elastic Agent is simultaneously configured to collect and send those logs to Elasticsearch, then Elastic Agent API keys can be viewed in Elasticsearch in plaintext. These API keys could be used to write arbitrary data and read Elastic Endpoint user artifacts.",,,
CVE-2023-46667,8.1,HIGH,2023-10-26T01:15:07.987,0.0055,0.43013,False,,,"An issue was discovered in Fleet Server >= v8.10.0 and < v8.10.3 where Agent enrolment tokens are being inserted into the Fleet Server’s log file in plain text. These enrolment tokens could allow someone to enrol an agent into an agent policy, and potentially use that to retrieve other secrets in the policy including for Elasticsearch and third-party services. Alternatively a threat actor could potentially enrol agents to the clusters and send arbitrary events to Elasticsearch.",,,
CVE-2023-46666,5.3,MEDIUM,2023-10-26T17:15:09.270,0.00365,0.29227,False,,,"An issue was discovered when using Document Level Security and the SPO ""Limited Access"" functionality in Elastic Sharepoint Online Python Connector. If a user is assigned limited access permissions to an item on a Sharepoint site then that user would have read permissions to all content on the Sharepoint site through Elasticsearch.",,,
CVE-2023-31417,4.1,MEDIUM,2023-10-26T18:15:08.500,0.00228,0.13563,False,,,"Elasticsearch generally filters out sensitive information and credentials before logging to the audit log. It was found that this filtering was not applied when requests to Elasticsearch use certain deprecated URIs for APIs. The impact of this flaw is that sensitive information such as passwords and tokens might be printed in cleartext in Elasticsearch audit logs. Note that audit logging is disabled by default and needs to be explicitly enabled and even when audit logging is enabled, request bodies that could contain sensitive information are not printed to the audit log unless explicitly configured.",,,
CVE-2023-31418,7.5,HIGH,2023-10-26T18:15:08.587,0.01232,0.66122,False,,,An issue has been identified with how Elasticsearch handled incoming requests on the HTTP layer. An unauthenticated user could force an Elasticsearch node to exit with an OutOfMemory error by sending a moderate number of malformed HTTP requests. The issue was identified by Elastic Engineering and we have no indication that the issue is known or that it is being exploited in the wild.,,,
CVE-2023-31419,6.5,MEDIUM,2023-10-26T18:15:08.647,0.60679,0.99063,False,,,"A flaw was discovered in Elasticsearch, affecting the _search API that allowed a specially crafted query string to cause a Stack Overflow and ultimately a Denial of Service.",,,
CVE-2023-45585,2.3,LOW,2023-11-14T18:15:55.617,0.0021,0.11216,False,,,"An insertion of sensitive information into log file vulnerability [CWE-532] in FortiSIEM version 7.0.0, version 6.7.6 and below, version  6.6.3 and below, version 6.5.1 and below, version 6.4.2 and below, version 6.3.3 and below, version 6.2.1 and below, version 6.1.2 and below, version 5.4.0, version 5.3.3 and below may allow an authenticated user to view an encrypted ElasticSearch password via debug log files generated when FortiSIEM is configured with ElasticSearch Event Storage.",,,
CVE-2023-46673,6.5,MEDIUM,2023-11-22T10:15:08.417,0.00844,0.54521,False,,,"It was identified that malformed scripts used in the script processor of an Ingest Pipeline could cause an Elasticsearch node to crash when calling the Simulate Pipeline API.
",,,
CVE-2023-49922,6.8,MEDIUM,2023-12-12T19:15:08.307,0.00666,0.48406,False,,,"An issue was discovered by Elastic whereby Beats and Elastic Agent would log a raw event in its own logs at the WARN or ERROR level if ingesting that event to Elasticsearch failed with any 4xx HTTP status code except 409 or 429. Depending on the nature of the event that Beats or Elastic Agent attempted to ingest, this could lead to the insertion of sensitive or private information in the Beats or Elastic Agent logs. Elastic has released 8.11.3 and 7.17.16 that prevents this issue by limiting these types of logs to DEBUG level logging, which is disabled by default.",,,
CVE-2023-6687,6.8,MEDIUM,2023-12-12T19:15:08.510,0.00589,0.4492,False,,,"An issue was discovered by Elastic whereby Elastic Agent would log a raw event in its own logs at the WARN or ERROR level if ingesting that event to Elasticsearch failed with any 4xx HTTP status code except 409 or 429. Depending on the nature of the event that Elastic Agent attempted to ingest, this could lead to the insertion of sensitive or private information in the Elastic Agent logs. Elastic has released 8.11.3 and 7.17.16 that prevents this issue by limiting these types of logs to DEBUG level logging, which is disabled by default.",,,
CVE-2023-46671,8.0,HIGH,2023-12-13T07:15:22.013,0.00656,0.48013,False,,,"An issue was discovered by Elastic whereby sensitive information may be recorded in Kibana logs in the event of an error. Elastic has released Kibana 8.11.1 which resolves this issue. The error message recorded in the log may contain account credentials for the kibana_system user, API Keys, and credentials of Kibana end-users. The issue occurs infrequently, only if an error is returned from an Elasticsearch cluster, in cases where there is user interaction and an unhealthy cluster (for example, when returning circuit breaker or no shard exceptions).
",,,
CVE-2023-46675,8.0,HIGH,2023-12-13T07:15:23.077,0.00688,0.49307,False,,,"An issue was discovered by Elastic whereby sensitive information may be recorded in Kibana logs in the event of an error or in the event where debug level logging is enabled in Kibana. Elastic has released Kibana 8.11.2 which resolves this issue. The messages recorded in the log may contain Account credentials for the kibana_system user, API Keys, and credentials of Kibana end-users, Elastic Security package policy objects which can contain private keys, bearer token, and sessions of 3rd-party integrations and finally Authorization headers, client secrets, local file paths, and stack traces. The issue may occur in any Kibana instance running an affected version that could potentially receive an unexpected error when communicating to Elasticsearch causing it to include sensitive data into Kibana error logs. It could also occur under specific circumstances when debug level logging is enabled in Kibana. Note: It was found that the fix for ESA-2023-25 in Kibana 8.11.1 for a similar issue was incomplete.
",,,
CVE-2024-23448,5.7,MEDIUM,2024-02-07T22:15:09.987,0.00577,0.44359,False,,,"An issue was discovered whereby APM Server could log at ERROR level, a response from Elasticsearch indicating that indexing the document failed and that response would contain parts of the original document. Depending on the nature of the document that the APM Server attempted to ingest, this could lead to the insertion of sensitive or private information in the APM Server logs.",,,
CVE-2024-23450,4.9,MEDIUM,2024-03-27T17:15:53.857,0.00951,0.57974,False,,,"A flaw was discovered in Elasticsearch, where processing a document in a deeply nested pipeline on an ingest node could cause the Elasticsearch node to crash.",,,
CVE-2024-23451,4.4,MEDIUM,2024-03-27T18:15:10.330,0.00435,0.3582,False,,,"Incorrect Authorization issue exists in the API key based security model for Remote Cluster Security, which is currently in Beta, in Elasticsearch 8.10.0 and before 8.13.0. This allows a malicious user with a valid API key for a remote cluster configured to use the new Remote Cluster Security to read arbitrary documents from any index on the remote cluster, and only if they use the Elasticsearch custom transport protocol to issue requests with the target index ID, the shard ID and the document ID. None of Elasticsearch REST API endpoints are affected by this issue.",,,
CVE-2024-23449,4.3,MEDIUM,2024-03-29T12:15:08.177,0.00681,0.49034,False,,,An uncaught exception in Elasticsearch >= 8.4.0 and < 8.11.1 occurs when an encrypted PDF is passed to an attachment processor through the REST API. The Elasticsearch ingest node that attempts to parse the PDF file will crash. This does not happen with password-protected PDF files or with unencrypted PDF files.,,,
CVE-2024-37280,4.9,MEDIUM,2024-06-13T17:15:50.967,0.00529,0.41841,False,,,"A flaw was discovered in Elasticsearch, affecting document ingestion when an index template contains a dynamic field mapping of “passthrough” type. Under certain circumstances, ingesting documents in this index would cause a StackOverflow exception to be thrown and ultimately lead to a Denial of Service. Note that passthrough fields is an experimental feature.",,,
CVE-2023-49921,5.2,MEDIUM,2024-07-26T05:15:10.270,0.00445,0.36576,False,,,"An issue was discovered by Elastic whereby Watcher search input logged the search query results on DEBUG log level. This could lead to raw contents of documents stored in Elasticsearch to be printed in logs. Elastic has released 8.11.2 and 7.17.16 that resolves this issue by removing this excessive logging. This issue only affects users that use Watcher and have a Watch defined that uses the search input and additionally have set the search input’s logger to DEBUG or finer, for example using: org.elasticsearch.xpack.watcher.input.search, org.elasticsearch.xpack.watcher.input, org.elasticsearch.xpack.watcher, or wider, since the loggers are hierarchical.",,,
CVE-2024-23444,4.9,MEDIUM,2024-07-31T18:15:11.983,0.00206,0.10732,False,,,"It was discovered by Elastic engineering that when elasticsearch-certutil CLI tool is used with the csr option in order to create a new Certificate Signing Requests, the associated private key that is generated is stored on disk unencrypted even if the --pass parameter is passed in the command invocation.",,,
CVE-2024-7610,4.3,MEDIUM,2024-08-08T11:15:13.857,0.00448,0.3685,False,,,"A Denial of Service (DoS) condition has been discovered in GitLab CE/EE affecting all versions starting with 15.9 before 17.0.6, 17.1 prior to 17.1.4, and 17.2 prior to 17.2.2. It is possible for an attacker to cause catastrophic backtracking while parsing results from Elasticsearch.",,,
CVE-2024-39810,4.9,MEDIUM,2024-08-22T07:15:03.743,0.00456,0.37349,False,,,"Mattermost versions 9.5.x <= 9.5.7 and 9.10.x <= 9.10.0 fail to time limit and size limit the CA path file in the ElasticSearch configuration which allows a System Role with access to the Elasticsearch system console to add any file as a CA path field, such as /dev/zero and, after testing the connection, cause the application to crash.",,,
CVE-2024-10241,4.3,MEDIUM,2024-10-29T08:15:11.990,0.00295,0.21795,False,,,Mattermost versions 9.5.x <= 9.5.9 fail to properly filter the channel data when ElasticSearch is enabled which allows a user to get private channel names by using cmd+K/ctrl+K.,,,
CVE-2024-52032,4.3,MEDIUM,2024-11-09T18:15:15.203,0.00288,0.21018,False,,,"Mattermost versions 10.0.x <= 10.0.0 and 9.11.x <= 9.11.2 fail to properly query ElasticSearch when searching for the channel name in channel switcher which allows an attacker to get private channels names of channels that they are not a member of, when Elasticsearch v8 was enabled.",,,
CVE-2024-37285,9.1,CRITICAL,2024-11-14T17:15:06.457,0.01257,0.66741,False,,,"A deserialization issue in Kibana can lead to arbitrary code execution when Kibana attempts to parse a YAML document containing a crafted payload. A successful attack requires a malicious user to have a combination of both specific  Elasticsearch indices privileges https://www.elastic.co/guide/en/elasticsearch/reference/current/defining-roles.html#roles-indices-priv  and  Kibana privileges https://www.elastic.co/guide/en/fleet/current/fleet-roles-and-privileges.html  assigned to them.



The following Elasticsearch indices permissions are required

  *  write privilege on the system indices .kibana_ingest*
  *  The allow_restricted_indices flag is set to true


Any of the following Kibana privileges are additionally required

  *  Under Fleet the All privilege is granted
  *  Under Integration the Read or All privilege is granted
  *  Access to the fleet-setup privilege is gained through the Fleet Server’s service account token",,,
CVE-2024-52797,6.5,MEDIUM,2024-11-21T11:15:35.480,0.00884,0.55836,False,,,"Opencast is free and open source software for automated video capture and distribution. First noticed in Opencast 13 and 14, Opencast's Elasticsearch integration may generate syntactically invalid Elasticsearch queries in relation to previously acceptable search queries. From Opencast version 11.4 and newer, Elasticsearch queries are retried a configurable number of times in the case of error to handle temporary losses of connection to Elasticsearch. These invalid queries would fail, causing the retry mechanism to begin requerying with the same syntactically invalid query immediately, in an infinite loop. This causes a massive increase in log size which can in some cases cause a denial of service due to disk exhaustion.

Opencast 13.10 and Opencast 14.3 contain patches which address the base issue, with Opencast 16.7 containing changes which harmonize the search behaviour between the admin UI and external API. Users are strongly recommended to upgrade as soon as possible if running versions prior to 13.10 or 14.3. While the relevant endpoints require (by default) `ROLE_ADMIN` or `ROLE_API_SERIES_VIEW`, the problem queries are otherwise innocuous. This issue could be easily triggered by normal administrative work on an affected Opencast system. Those who run a version newer than 13.10 and 14.3 and see different results when searching in their admin UI vs your external API or LMS, may resolve the issue by upgrading to 16.7. No known workarounds for the vulnerability are available.",,,
CVE-2024-12539,6.5,MEDIUM,2024-12-17T21:15:07.183,0.004,0.32869,False,,,An issue was discovered where improper authorization controls affected certain queries that could allow a malicious actor to circumvent Document Level Security in Elasticsearch and get access to documents that their roles would normally not allow.,,,
CVE-2024-43709,6.5,MEDIUM,2025-01-21T11:15:09.807,0.00607,0.45768,False,,,An allocation of resources without limits or throttling in Elasticsearch can lead to an OutOfMemoryError exception resulting in a crash via a specially crafted query using an SQL function.,,,
CVE-2024-13221,6.1,MEDIUM,2025-01-31T06:15:28.713,0.00582,0.44603,False,,,"The Fantastic ElasticSearch WordPress plugin through 4.1.0 does not sanitise and escape a parameter before outputting it back in the page, leading to a Reflected Cross-Site Scripting which could be used against high privilege users such as admin.",,,
CVE-2024-32037,0.0,NONE,2025-02-11T22:15:27.930,0.00366,0.29316,False,,,"GeoNetwork is a catalog application to manage spatially referenced resources. In versions prior to 4.2.10 and 4.4.5, the search end-point response headers contain information about Elasticsearch software in use. This information is valuable from a security point of view because it allows software used by the server to be easily identified. GeoNetwork 4.4.5 and 4.2.10 fix this issue. No known workarounds are available.",,,
CVE-2024-52980,6.5,MEDIUM,2025-04-08T17:15:34.880,0.00503,0.40295,False,,,"A flaw was discovered in Elasticsearch, where a large recursion using the innerForbidCircularReferences function of the PatternBank class could cause the Elasticsearch node to crash.

A successful attack requires a malicious user to have read_pipeline Elasticsearch cluster privilege assigned to them.",,,
CVE-2024-52981,4.9,MEDIUM,2025-04-08T17:15:35.187,0.00549,0.42926,False,,,"An issue was discovered in Elasticsearch, where a large recursion using the Well-KnownText formatted string with nested GeometryCollection objects could cause a stackoverflow.",,,
CVE-2024-52979,6.5,MEDIUM,2025-05-01T14:15:35.690,0.00606,0.45715,False,,,Uncontrolled Resource Consumption in Elasticsearch while evaluating specifically crafted search templates with Mustache functions can lead to Denial of Service by causing the Elasticsearch node to crash.,,,
CVE-2025-50984,5.3,MEDIUM,2025-08-27T16:15:36.053,0.00328,0.2528,False,,,"diskover-web v2.3.0 Community Edition is vulnerable to multiple boolean-based blind SQL injection flaws in its Elasticsearch configuration form. Unsanitized user input in POST parameters such as ES_PASS, ES_MAXSIZE, ES_TRANSLOGSIZE, ES_TIMEOUT, ES_USER, ES_HOST, ES_PORT, ES_SCROLLSIZE, ES_CHUNKSIZE and others can be crafted to inject arbitrary SQLite expressions wrapped in JSON functions. By exploiting these injection points, an attacker can infer or extract sensitive information from the underlying database without authentication. This issue stems from improper input validation and parameterization in the application's JSON-based query construction.",,,
CVE-2025-35434,4.2,MEDIUM,2025-09-17T17:15:43.713,0.00187,0.08534,False,,,CISA Thorium does not validate TLS certificates when connecting to Elasticsearch. An unauthenticated attacker with access to a Thorium cluster could impersonate the Elasticsearch service. Fixed in 1.1.2.,,,
CVE-2025-44824,8.5,HIGH,2025-10-07T20:15:35.277,0.02672,0.84335,False,,,"Nagios Log Server before 2024R1.3.2 allows authenticated users (with read-only API access) to stop the Elasticsearch service via a /nagioslogserver/index.php/api/system/stop?subsystem=elasticsearch call. The service stops even though ""message"": ""Could not stop elasticsearch"" is in the API response. This is GL:NLS#474.",,,
CVE-2025-37727,5.7,MEDIUM,2025-10-10T10:15:34.167,0.0023,0.13857,False,,,Insertion of sensitive information in log file in Elasticsearch can lead to loss of confidentiality under specific preconditions when auditing requests to the  reindex API https://www.elastic.co/docs/api/doc/elasticsearch/operation/operation-reindex,,,
CVE-2025-12977,9.1,CRITICAL,2025-11-24T15:15:46.770,0.00713,0.50186,False,,,"Fluent Bit in_http, in_splunk, and in_elasticsearch input plugins fail to sanitize tag_key inputs. An attacker with network access or the ability to write records into Splunk or Elasticsearch can supply tag_key values containing special characters such as newlines or ../ that are treated as valid tags. Because tags influence routing and some outputs derive filenames or contents from tags, this can allow newline injection, path traversal, forged record injection, or log misrouting, impacting data integrity and log routing.",,,
CVE-2025-37731,6.8,MEDIUM,2025-12-15T11:15:39.707,0.00179,0.07598,False,,,"Improper Authentication in Elasticsearch PKI realm can lead to user impersonation via specially crafted client certificates. A malicious actor would need to have such a crafted client certificate signed by a legitimate, trusted Certificate Authority.",,,
CVE-2025-68384,6.5,MEDIUM,2025-12-18T22:16:02.540,0.00286,0.20814,False,,,Allocation of Resources Without Limits or Throttling (CWE-770) in Elasticsearch can allow a low-privileged authenticated user to cause Excessive Allocation (CAPEC-130) causing a persistent denial of service (OOM crash) via submission of oversized user settings data.,,,
CVE-2025-68390,4.9,MEDIUM,2025-12-18T23:15:49.577,0.00342,0.26893,False,,,Allocation of Resources Without Limits or Throttling (CWE-770) in Elasticsearch can allow an authenticated user with snapshot restore privileges to cause Excessive Allocation (CAPEC-130) of memory and a denial of service (DoS) via crafted HTTP request.,,,
CVE-2026-1527,4.6,MEDIUM,2026-03-12T21:16:25.137,0.00256,0.17125,False,,,"ImpactWhen an application passes user-controlled input to the upgrade option of client.request(), an attacker can inject CRLF sequences (\r\n) to:

  *  Inject arbitrary HTTP headers
  *  Terminate the HTTP request prematurely and smuggle raw data to non-HTTP services (Redis, Memcached, Elasticsearch)
The vulnerability exists because undici writes the upgrade value directly to the socket without validating for invalid header characters:

// lib/dispatcher/client-h1.js:1121
if (upgrade) {
  header += `connection: upgrade\r\nupgrade: ${upgrade}\r\n`
}",,,
CVE-2026-5417,4.7,MEDIUM,2026-04-02T19:21:36.497,0.00218,0.12295,False,,,A vulnerability was determined in Dataease SQLbot up to 1.6.0. This issue affects the function get_es_data_by_http of the file backend/apps/db/es_engine.py of the component Elasticsearch Handler. This manipulation of the argument address causes server-side request forgery. The attack may be initiated remotely. The exploit has been publicly disclosed and may be utilized. Upgrading to version 1.7.0 is capable of addressing this issue. You should upgrade the affected component. The vendor was contacted early about this disclosure.,,,
CVE-2026-4498,7.7,HIGH,2026-04-08T17:21:24.300,0.003,0.22265,False,,,"Execution with Unnecessary Privileges (CWE-250) in Kibana’s Fleet plugin debug route handlers can lead reading index data beyond their direct Elasticsearch RBAC scope via Privilege Abuse (CAPEC-122). This requires an authenticated Kibana user with Fleet sub-feature privileges (such as agents, agent policies, and settings management).",,,
CVE-2025-61872,6.1,MEDIUM,2026-04-24T15:16:25.320,0.00192,0.09059,False,,,Mahara before 25.04.2 and 24.04.11 are vulnerable to displaying results that can trigger XSS via a malicious search query string. This occurs in the 'search site' feature when using the Elasticsearch7 search plugin. The Elasticsearch function does not properly sanitize input in the query parameter.,,,
CVE-2026-40970,5.0,MEDIUM,2026-04-27T19:16:52.967,0.00136,0.0343,False,,,"When configured to use an SSL bundle, Spring Boot's Elasticsearch auto-configuration does not perform hostname verification when connecting to the Elasticsearch server.

Affected: Spring Boot 4.0.0–4.0.5; upgrade to 4.0.6 or later per vendor advisory.",,,
CVE-2026-41018,6.5,MEDIUM,2026-05-11T09:16:25.990,0.0041,0.3376,False,,,"The Elasticsearch logging provider, when configured with a `host` URL that embeds credentials (for example `https://user:password@server.example.com:9200`), wrote the full host URL — including the embedded credentials — into task logs. Any user with task-log read permission could harvest the backend credentials. Users are advised to upgrade to `apache-airflow-providers-elasticsearch` 6.5.3 or later and, as a defense-in-depth measure, configure the backend credentials via a secret backend rather than embedding them in the `[elasticsearch] host` URL.",,,
CVE-2026-31215,9.1,CRITICAL,2026-05-12T16:16:13.380,0.00413,0.34054,False,,,The nexent v1.7.5.2 backend service contains an unauthorized arbitrary file deletion vulnerability in its ElasticSearch service interface. The DELETE /{index_name}/documents endpoint lacks proper authentication and authorization controls and does not validate the user-supplied path_or_url parameter. This allows unauthenticated remote attackers to send crafted requests that trigger the deletion of arbitrary documents from ElasticSearch indices and corresponding files from the MinIO storage system. Successful exploitation leads to data destruction and denial of service.,,,
CVE-2026-45009,4.3,MEDIUM,2026-05-15T19:17:01.327,0.00168,0.06445,False,,,"phpMyFAQ before 4.1.2 contains an insufficient authorization vulnerability in admin-api routes that allows authenticated ordinary users to access administrative endpoints by only checking login status instead of verifying backend privileges. Attackers with valid frontend user accounts can access sensitive backend operational information including dashboard versions, LDAP configuration, Elasticsearch statistics, and health-check data.",,,
CVE-2026-42401,4.1,MEDIUM,2026-05-28T20:16:23.620,0.00141,0.03901,False,,,"Improper Neutralization of Input During Web Page Generation (CWE-79) in Kibana can lead to stored HTML injection. A user with write access to an Elasticsearch index could persist crafted markup which, when subsequently rendered through an affected Kibana view by another user, was not sufficiently sanitized. Successful exploitation could result in unauthorized UI manipulation and outbound network requests issued from the viewing user's browser session.",,,
CVE-2026-49095,6.5,MEDIUM,2026-05-28T21:16:34.660,0.00262,0.17786,False,,,"Improper Input Validation (CWE-20) in the Kibana Fleet agent policy management feature can lead to privilege escalation. An authenticated user with Fleet management privileges can manipulate agent policy configuration by injecting values into a configuration override mechanism that is not adequately validated. An attacker can cause Elastic Agents to be issued API keys with elevated Elasticsearch privileges, potentially granting unauthorized read and write access to sensitive Elasticsearch security indices beyond what is intended for the Fleet management role.",,,
CVE-2026-47835,8.6,HIGH,2026-06-15T20:16:28.840,0.00304,0.22704,False,,,"In Spring AI Vector Stores, special characters could be used to force the execution of arbitrary queries in Elasticsearch, OpenSearch, and GemFire VectorDB. Affected components: spring-ai-elasticsearch-store, spring-ai-opensearch-store, spring-ai-gemfire-store.

Affected versions:
Spring AI 1.0.0 through 1.0.x (fix 1.0.9).
Spring AI 1.1.0 through 1.1.x (fix 1.1.8).",,,
CVE-2026-54350,10.0,CRITICAL,2026-06-26T21:16:35.040,0.00471,0.38298,False,,,"Budibase is an open-source low-code platform. Prior to 3.39.12,  an unauthenticated visitor of any published Budibase app reads every document of the backing MongoDB, CouchDB, Elasticsearch, DynamoDB-PartiQL, or REST-with-JSON-body collection and, where the builder has published a PUBLIC write query, modifies every document of that collection with one HTTP request. enrichContext at packages/server/src/sdk/workspace/queries/queries.ts:121-138 substitutes parameter values into the raw JSON body of a query, then JSON.parses the result. The validator validateQueryInputs at packages/server/src/api/controllers/query/index.ts:61-71 rejects only Handlebars markers ({{, }}) in user input and does not escape JSON metacharacters ("", \, }). A parameter value containing a closing quote and additional keys lifts attacker-controlled fields into the parsed filter object. For Mongo find, the parsed filter passes directly to collection.find() (packages/server/src/integrations/mongodb.ts:506-510). Duplicate-key JSON parsing overrides the builder's {name: ""...""} with {name: {$exists: true}} and returns every document. The same primitive against an updateMany query (mongodb.ts:577-585) widens the filter scope to the full collection while the builder-controlled $set body runs against every matched document. The authorized middleware at packages/server/src/middleware/authorized.ts:141-148 short-circuits when the query's role is PUBLIC. CSRF is not enforced on this path. POST /api/v2/queries/:queryId (packages/server/src/api/routes/query.ts:63) accepts the call with no session, only an x-budibase-app-id header that is public from the published-app URL. This vulnerability is fixed in 3.39.12.",,,
CVE-2026-56148,6.5,MEDIUM,2026-07-01T17:16:36.840,0.00347,0.27401,False,,,"Uncontrolled Recursion (CWE-674) in Elasticsearch can lead to a denial of service via Excessive Allocation (CAPEC-130). An authenticated user can submit a specially crafted query that causes excessive resource consumption while the request is processed, which may render the affected node unavailable.",,,
CVE-2026-56149,4.9,MEDIUM,2026-07-01T17:16:36.957,0.00324,0.24887,False,,,"Allocation of Resources Without Limits or Throttling (CWE-770) in Elasticsearch can lead to a denial of service via Excessive Allocation (CAPEC-130). A user with elevated privileges can submit a specially crafted machine learning request that causes excessive memory consumption, which may render the affected node unavailable.",,,
CVE-2026-49090,6.5,MEDIUM,2026-07-01T18:16:33.540,0.00251,0.16433,False,,,"Uncontrolled Resource Consumption (CWE-400) in Elasticsearch can lead to a denial of service via Excessive Allocation (CAPEC-130). An authenticated user can submit a specially crafted bulk request that causes sustained high CPU consumption, which can render the affected node unable to process requests.",,,
CVE-2026-46453,5.3,MEDIUM,2026-07-06T09:16:36.317,0.00577,0.44382,False,,,"Improper Input Validation, Authorization Bypass Through User-Controlled Key vulnerability in Apache Camel ElasticSearch Rest Client.

The camel-elasticsearch-rest-client component reads several Exchange headers to control its behaviour - SEARCH_QUERY (an advanced query body), OPERATION (which Elasticsearch operation to run), INDEX_NAME, INDEX_SETTINGS and ID. The string values of these header constants, defined in ElasticSearchRestClientConstant, are plain unprefixed names ('SEARCH_QUERY', 'OPERATION', 'INDEX_NAME', 'INDEX_SETTINGS', 'ID') rather than the 'Camel'-prefixed names used by every other Camel component (for example CamelSqlQuery, CamelMongoDbCriteria, CamelCqlQuery). Camel's inbound HTTP header filter, HttpHeaderFilterStrategy, blocks only header names that begin with 'Camel' or 'camel'. Because the Elasticsearch header names do not carry that prefix, they pass through the inbound filter unchanged. When a Camel route exposes an HTTP entry point (for example platform-http) in front of an elasticsearch-rest-client producer, an untrusted HTTP client can set these headers directly on its request and override the query and operation that the route author configured: reading every document in the index (SEARCH_QUERY with a match_all query), deleting documents (OPERATION set to Delete together with ID), or exfiltrating selected fields. No credentials are required and the producer reads the headers unconditionally.
This issue affects Apache Camel: from 4.3.0 before 4.14.8, from 4.15.0 before 4.18.3, from 4.19.0 before 4.21.0.

Users are recommended to upgrade to version 4.21.0, which fixes the issue. If users are on the 4.14.x LTS releases stream, then they are suggested to upgrade to 4.14.8. If users are on the 4.18.x releases stream, then they are suggested to upgrade to 4.18.3. The fix renames the camel-elasticsearch-rest-client Exchange header constant string values (ID, SEARCH_QUERY, INDEX_SETTINGS, INDEX_NAME, OPERATION) to carry the Camel prefix (CamelElasticsearchId, CamelElasticsearchSearchQuery, CamelElasticsearchIndexSettings, CamelElasticsearchIndexName, CamelElasticsearchOperation) so that they are blocked by the inbound HttpHeaderFilterStrategy; the Java field names are unchanged. For deployments that cannot upgrade immediately, strip the affected headers from untrusted inbound messages before they reach the producer (for example removeHeader('SEARCH_QUERY'), removeHeader('OPERATION'), removeHeader('INDEX_NAME'), removeHeader('INDEX_SETTINGS') and removeHeader('ID') in front of the elasticsearch-rest-client endpoint), or apply a custom HeaderFilterStrategy that blocks these names.",,,
CVE-2026-35211,6.5,MEDIUM,2026-07-08T21:16:48.630,0.0037,0.29751,False,,,"OpenCTI is an open source platform for managing cyber threat intelligence knowledge and observables. Prior to 7.260401.0, the OpenCTI GraphQL API exposes a script filter operator in its FilterOperator enum that allows any authenticated user with the KNOWLEDGE capability to pass user-supplied Elasticsearch Painless script values directly into search queries without validation or sanitization, allowing computationally expensive scripts to consume cluster CPU resources and degrade or deny service for all users. This issue is fixed in version 7.260401.0.",,,
CVE-2026-15746,6.5,MEDIUM,2026-07-15T19:16:57.773,0.00244,0.15556,False,,,"Strands Agents is an open-source Python SDK for building and running AI agents. The strands-agents-tools package provides pre-built tools for use with the SDK, including the elasticsearch_memory tool for agent memory storage. We identified CVE-2026-15746, a server-side request forgery (SSRF) issue in the elasticsearch_memory tool. The tool exposed its connection parameters (es_url, cloud_id, api_key) as fields the large language model (LLM) could control through the tool schema. When a caller omitted the api_key parameter, the tool fell back to the operator's ELASTICSEARCH_API_KEY environment variable and sent it to whichever host the LLM specified. A crafted prompt could cause the tool to connect to a threat-actor-controlled server and disclose the operator's Elasticsearch API key in the Authorization header.



We recommend you upgrade to strands-agents-tools version 0.7.0 or later. As a precautionary measure, we recommend all operators rotate their ELASTICSEARCH_API_KEY, even if there is no indication the credential was exposed.",,,
CVE-2026-56144,5.3,MEDIUM,2026-07-21T20:17:02.377,0.00234,0.14256,False,,,"Incorrect Authorization (CWE-863) in Elasticsearch can allow an authenticated user with limited index privileges to exploit insufficient authorization controls in the ingest simulation feature. By targeting indices they are not authorized to access directly, the user can cause those indices' configured ingest pipelines to execute and return their output, potentially disclosing data processed or enriched by those pipelines. Additionally, the same feature can be used to retrieve index mapping metadata for indices the user are not authorized to access directly.",,,
CVE-2026-56145,6.5,MEDIUM,2026-07-21T20:17:02.500,0.00296,0.21864,False,,,"Uncontrolled Resource Consumption (CWE-400) in Elasticsearch can lead to denial of service via Excessive Allocation (CAPEC-130). A low-privileged authenticated user with permission to execute EQL sequence queries against an index they control can send a specially crafted query that triggers excessive memory consumption, causing the Elasticsearch node to crash.",,,
CVE-2026-63136,6.5,MEDIUM,2026-07-21T21:16:52.850,0.0024,0.15117,False,,,"Uncontrolled Resource Consumption (CWE-400) in Elasticsearch can lead to denial of service via Excessive Allocation (CAPEC-130). A user with search privileges can submit a specially crafted search request that causes a data node to exhaust available heap memory, resulting in node unavailability and cluster degradation. An attacker could leverage this vulnerability to cause cluster downtime requiring manual intervention to restore service.",,,
CVE-2026-63140,6.5,MEDIUM,2026-07-21T21:16:53.073,0.0024,0.15117,False,,,"Reachable Assertion (CWE-617) in Elasticsearch can lead to denial of service via Input Data Manipulation (CAPEC-153). A specially crafted search request containing a null value in a specific query clause causes an internal assertion to be raised during query parsing. Because Elasticsearch treats assertion failures as fatal errors, this terminates the affected node process. A low-privileged authenticated user with read access to at least one index can exploit this condition with a single request to cause a node to terminate, disrupting search availability. In a single-node deployment this fully stops Elasticsearch; in a multi-node cluster it reduces cluster capacity for each affected node.",,,
CVE-2026-63144,6.5,MEDIUM,2026-07-21T23:18:02.343,0.0024,0.15116,False,,,"Uncontrolled Recursion (CWE-674) in Elasticsearch can lead to denial of service via a specially crafted search request submitted by a low-privileged authenticated user. A user with read-level index access can submit a request that triggers unbounded recursive processing within the Elasticsearch query evaluation component, causing a fatal error that terminates the affected node. In single-node deployments, this results in complete service outage; in multi-node clusters, it causes repeated node restarts and sustained availability degradation.",,,
CVE-2026-63263,6.5,MEDIUM,2026-07-22T00:17:31.283,0.0024,0.15118,False,,,"Uncontrolled Resource Consumption (CWE-400) in Elasticsearch can lead to denial of service via Exponential Data Expansion (CAPEC-197). An authenticated user may submit a specially crafted query to the ES|QL engine that causes exponential CPU consumption during query evaluation. Because the resource exhaustion persists beyond query completion, repeated requests can fully exhaust the available query worker resources, rendering ES|QL queries unavailable until the node is restarted.",,,
CVE-2026-19111,8.1,HIGH,2026-08-06T22:16:55.410,0.0037,0.2977,False,,,"Insecure direct object reference in the mongodb_memory, elasticsearch_memory, and mem0_memory tools in Amazon Strands Agents Tools before 0.8.3 might allow remote authenticated users to access, modify, or delete memories belonging to other tenants by influencing the LLM to emit tool calls with a forged namespace parameter.



To remediate this issue, users should upgrade to version 0.8.3.",,,
