cve_id,cvss_score,cvss_severity,published,description,epss_score,epss_percentile,kev_flag,kev_date_added,kev_ransomware_use,kev_vuln_name,kev_short_description,kev_required_action
CVE-2013-3970,4.3,MEDIUM,2013-06-13T16:47:25.930,"Juniper Junos Pulse Secure Access Service (aka SSL VPN) with IVE OS 7.0r2 through 7.0r8 and 7.1r1 through 7.1r5 and Junos Pulse Access Control Service (aka UAC) with UAC OS 4.1r1 through 4.1r5 include a test Certification Authority (CA) certificate in the Trusted Server CAs list, which makes it easier for man-in-the-middle attackers to spoof SSL servers by leveraging control over that test CA.",0.00488,0.39645,False,,,,,
CVE-2013-5649,4.3,MEDIUM,2013-09-13T14:10:27.580,"Multiple cross-site scripting (XSS) vulnerabilities in Juniper Junos Pulse Secure Access Service (aka SSL VPN) with IVE OS 7.1 before 7.1r15, 7.2 before 7.2r11, 7.3 before 7.3r6, and 7.4 before 7.4r3 allow (1) remote attackers to inject arbitrary web script or HTML via vectors involving login pages, and allow (2) remote authenticated users to inject arbitrary web script or HTML via vectors involving a support page.",0.00931,0.57519,False,,,,,
CVE-2013-5650,5.4,MEDIUM,2013-09-16T19:14:39.367,"Junos Pulse Secure Access Service (IVE) 7.1 before 7.1r5, 7.2 before 7.2r10, 7.3 before 7.3r6, and 7.4 before 7.4r3 and Junos Pulse Access Control Service (UAC) 4.1 before 4.1r8.1, 4.2 before 4.2r5, 4.3 before 4.3r6 and 4.4 before 4.4r3, when a hardware SSL acceleration card is enabled, allows remote attackers to cause a denial of service (device hang) via a crafted packet.",0.01831,0.76929,False,,,,,
CVE-2013-6956,2.1,LOW,2013-12-13T18:07:54.313,"Cross-site scripting (XSS) vulnerability in the Secure Access Service Web rewriting feature in Juniper Junos Pulse Secure Access Service (aka SSL VPN) with IVE OS before 7.1r17, 7.3 before 7.3r8, 7.4 before 7.4r6, and 8.0 before 8.0r1, when web rewrite is enabled, allows remote authenticated users to inject arbitrary web script or HTML via unspecified vectors.",0.00931,0.57492,False,,,,,
CVE-2014-2291,3.5,LOW,2014-03-14T15:55:05.697,"Cross-site scripting (XSS) vulnerability in the Pulse Collaboration (Secure Meeting) user pages in Juniper Junos Pulse Secure Access Service (aka SSL VPN) with IVE OS before 7.1r18, 7.3 before 7.3r10, 7.4 before 7.4r8, and 8.0 before 8.0r1 allows remote authenticated users to inject arbitrary web script or HTML via unspecified vectors.",0.00936,0.57657,False,,,,,
CVE-2014-2292,7.2,HIGH,2014-03-14T15:55:05.713,"Unspecified vulnerability in the Linux Network Connect client in Juniper Junos Pulse Secure Access Service (aka SSL VPN) with IVE OS before 7.1r18, 7.3 before 7.3r10, 7.4 before 7.4r8, and 8.0 before 8.0r1 allows local users to gain privileges via unspecified vectors.",0.00387,0.31712,False,,,,,
CVE-2014-3812,5.0,MEDIUM,2014-06-13T14:55:16.040,"The Juniper Junos Pulse Secure Access Service (SSL VPN) devices with IVE OS before 7.4r5 and 8.x before 8.0r1 and Junos Pulse Access Control Service (UAC) before 4.4r5 and 5.x before 5.0r1 enable cipher suites with weak encryption algorithms, which make it easier for remote attackers to obtain sensitive information by sniffing the network.",0.00745,0.51574,False,,,,,
CVE-2014-3820,4.3,MEDIUM,2014-09-29T14:55:08.720,"Cross-site scripting (XSS) vulnerability in the SSL VPN/UAC web server in the Juniper Junos Pulse Secure Access Service (SSL VPN) devices with IVE OS 7.1 before 7.1r16, 7.4 before 7.4r3, and 8.0 before 8.0r1 and the Juniper Junos Pulse Access Control Service devices with UAC OS 4.1 before 4.1r8, 4.4 before 4.4r3 and 5.0 before 5.0r1 allows remote administrators to inject arbitrary web script or HTML via unspecified vectors.",0.00786,0.52917,False,,,,,
CVE-2014-3823,4.3,MEDIUM,2014-09-29T14:55:08.767,"The Juniper Junos Pulse Secure Access Service (SSL VPN) devices with IVE OS 8.0 before 8.0r1, 7.4 before 7.4r5, and 7.1 before 7.1r18 allows remote attackers to conduct clickjacking attacks via unspecified vectors.",0.00958,0.58342,False,,,,,
CVE-2014-3824,4.3,MEDIUM,2014-09-29T14:55:08.797,"Cross-site scripting (XSS) vulnerability in the web server in the Juniper Junos Pulse Secure Access Service (SSL VPN) devices with IVE OS 8.0 before 8.0r6, 7.4 before 7.4r13, and 7.1 before 7.1r20 allows remote attackers to inject arbitrary web script or HTML via unspecified vectors.",0.00931,0.57525,False,,,,,
CVE-2015-5369,4.3,MEDIUM,2015-08-11T14:59:12.710,"Pulse Connect Secure (aka PCS and formerly Juniper PCS) PSC6000, PCS6500, and MAG PSC360 8.1 before 8.1r5, 8.0 before 8.0r13, 7.4 before 7.4r13.5, and 7.1 before 7.1r22.2 and PPS 5.1 before 5.1R5 and 5.0 before 5.0R13, when Hardware Acceleration is enabled, does not properly validate the Finished TLS handshake message, which makes it easier for remote attackers to conduct man-in-the-middle attacks via a crafted Finished message.",0.01751,0.75829,False,,,,,
CVE-2015-7322,5.0,MEDIUM,2015-10-05T15:59:00.097,"The Secure Meeting (Pulse Collaboration) in Pulse Connect Secure (formerly Juniper Junos Pulse) before 7.1R22.1, 7.4, 8.0 before 8.0R11, and 8.1 before 8.1R3 provides different messages for attempts to join a meeting depending on the status of the meeting, which allows remote attackers to enumerate valid meeting ids via a series of requests.",0.02316,0.819,False,,,,,
CVE-2015-7323,3.5,LOW,2015-10-05T15:59:01.860,"The Secure Meeting (Pulse Collaboration) in Pulse Connect Secure (formerly Juniper Junos Pulse) before 7.1R22.1, 7.4, 8.0 before 8.0R11, and 8.1 before 8.1R3 allows remote authenticated users to bypass intended access restrictions and log into arbitrary meetings by leveraging a meeting id and meetingAppSun.jar.",0.01656,0.74474,False,,,,,
CVE-2016-3985,6.5,MEDIUM,2016-04-12T02:00:08.227,The Terminal Services Remote Desktop Protocol (RDP) client session restrictions feature in Pulse Connect Secure (aka PCS) 8.1R7 and 8.2R1 allow remote authenticated users to bypass intended access restrictions via unspecified vectors.,0.01219,0.65929,False,,,,,
CVE-2016-4786,7.5,HIGH,2016-05-26T14:59:02.150,"Pulse Connect Secure (PCS) 8.2 before 8.2r1, 8.1 before 8.1r3, 8.0 before 8.0r11, and 7.4 before 7.4r13.4 allow remote attackers to cause a denial of service (CPU consumption) via unspecified vectors.",0.02096,0.79991,False,,,,,
CVE-2016-4787,10.0,CRITICAL,2016-05-26T14:59:03.493,"Pulse Connect Secure (PCS) 8.2 before 8.2r1, 8.1 before 8.1r2, 8.0 before 8.0r10, and 7.4 before 7.4r13.4 allow remote attackers to read sensitive system authentication files in an unspecified directory via unknown vectors.",0.02487,0.83174,False,,,,,
CVE-2016-4788,5.8,MEDIUM,2016-05-26T14:59:04.527,"Pulse Connect Secure (PCS) 8.2 before 8.2r1, 8.1 before 8.1r2, 8.0 before 8.0r10, and 7.4 before 7.4r13.4 allow remote attackers to read an unspecified system file via unknown vectors.",0.01512,0.72187,False,,,,,
CVE-2016-4789,6.1,MEDIUM,2016-05-26T14:59:05.447,"Cross-site scripting (XSS) vulnerability in the system configuration section in the administrative user interface in Pulse Connect Secure (PCS) 8.2 before 8.2r1, 8.1 before 8.1r2, 8.0 before 8.0r9, and 7.4 before 7.4r13.4 allows remote attackers to inject arbitrary web script or HTML via unspecified vectors.",0.01103,0.62791,False,,,,,
CVE-2016-4790,5.5,MEDIUM,2016-05-26T14:59:06.573,"Cross-site scripting (XSS) vulnerability in the administrative user interface in Pulse Connect Secure (PCS) 8.2 before 8.2r1, 8.1 before 8.1r2, 8.0 before 8.0r9, and 7.4 before 7.4r13.4 allows remote attackers to inject arbitrary web script or HTML via unspecified vectors.",0.01001,0.59773,False,,,,,
CVE-2016-4791,8.6,HIGH,2016-05-26T14:59:07.510,"The administrative user interface in Pulse Connect Secure (PCS) 8.2 before 8.2r1, 8.1 before 8.1r2, 8.0 before 8.0r9, and 7.4 before 7.4r13.4 allows remote administrators to enumerate files, read arbitrary files, and conduct server side request forgery (SSRF) attacks via unspecified vectors.",0.02242,0.81269,False,,,,,
CVE-2016-4792,5.3,MEDIUM,2016-05-26T14:59:08.853,Pulse Connect Secure (PCS) 8.2 before 8.2r1 allows remote attackers to disclose sign in pages via unspecified vectors.,0.02102,0.80052,False,,,,,
CVE-2016-2408,7.8,HIGH,2016-08-02T16:59:01.167,Pulse Secure Desktop before 5.2R2 and Pulse Secure Installer Service before 8.2R2 and below for Windows allow restricted users to gain privileges via unspecified vectors.,0.00387,0.3173,False,,,,,
CVE-2017-11193,8.8,HIGH,2017-07-12T20:29:00.190,"Pulse Connect Secure 8.3R1 has CSRF in diag.cgi. In the panel, the diag.cgi file is responsible for running commands such as ping, ping6, traceroute, traceroute6, nslookup, arp, and Portprobe. These functions do not have any protections against CSRF. That can allow an attacker to run these commands against any IP if they can get an admin to visit their malicious CSRF page.",0.0056,0.43749,False,,,,,
CVE-2017-11194,6.1,MEDIUM,2017-07-12T20:29:00.317,"Pulse Connect Secure 8.3R1 has Reflected XSS in adminservercacertdetails.cgi. In the admin panel, the certid parameter of adminservercacertdetails.cgi is reflected in the application's response and is not properly sanitized, allowing an attacker to inject tags. An attacker could come up with clever payloads to make the system run commands such as ping, ping6, traceroute, nslookup, arp, etc.",0.00681,0.49246,False,,,,,
CVE-2017-11195,6.1,MEDIUM,2017-07-12T20:29:00.347,"Pulse Connect Secure 8.3R1 has Reflected XSS in launchHelp.cgi. The helpLaunchPage parameter is reflected in an IFRAME element, if the value contains two quotes. It properly sanitizes quotes and tags, so one cannot simply close the src with a quote and inject after that. However, an attacker can use javascript: or data: to abuse this.",0.00898,0.56451,False,,,,,
CVE-2017-11196,8.8,HIGH,2017-07-12T20:29:00.380,"Pulse Connect Secure 8.3R1 has CSRF in logout.cgi. The logout function of the admin panel is not protected by any CSRF tokens, thus allowing an attacker to logout a user by making them visit a malicious web page.",0.0056,0.43749,False,,,,,
CVE-2017-11455,8.8,HIGH,2017-08-29T15:29:00.660,"diag.cgi in Pulse Connect Secure 8.2R1 through 8.2R5, 8.1R1 through 8.1R10 and Pulse Policy Secure 5.3R1 through 5.3R5, 5.2R1 through 5.2R8, and 5.1R1 through 5.1R10 allow remote attackers to hijack the authentication of administrators for requests to start tcpdump, related to the lack of anti-CSRF tokens.",0.01305,0.6797,False,,,,,
CVE-2017-14935,7.5,HIGH,2017-09-30T01:29:02.587,"Pulse Secure Pulse One On-Premise 2.0.1649 and below does not properly validate requests, which allows remote users to query and obtain sensitive information.",0.0135,0.68984,False,,,,,
CVE-2017-17947,4.8,MEDIUM,2018-01-16T21:29:00.250,"A cross site scripting issue has been found in custompage.cgi in Pulse Secure Pulse Connect Secure (PCS) before 8.0R17.0, 8.1.x before 8.1R13, 8.2.x before 8.2R9, and 8.3.x before 8.3R3 and Pulse Policy Secure (PPS) before 5.2R10, 5.3.x before 5.3R9, and 5.4.x before 5.4R3 due to one of the URL parameters not being sanitized. Exploitation does require the user to be logged in as administrator; the issue is not applicable to the end user portal.",0.00503,0.40513,False,,,,,
CVE-2018-5299,9.8,CRITICAL,2018-01-16T22:29:00.240,"A stack-based Buffer Overflow Vulnerability exists in the web server in Pulse Secure Pulse Connect Secure (PCS) before 8.3R4 and Pulse Policy Secure (PPS) before 5.4R4, leading to memory corruption and possibly remote code execution.",0.03061,0.86412,False,,,,,
CVE-2018-6374,6.5,MEDIUM,2018-01-31T21:29:00.280,The GUI component (aka PulseUI) in Pulse Secure Desktop Linux clients before PULSE5.2R9.2 and 5.3.x before PULSE5.3R4.2 does not perform strict SSL Certificate Validation. This can lead to the manipulation of the Pulse Connection set.,0.00616,0.46427,False,,,,,
CVE-2018-9849,5.5,MEDIUM,2018-05-10T14:29:00.767,"Pulse Secure Pulse Connect Secure 8.1.x before 8.1R14, 8.2.x before 8.2R11, and 8.3.x before 8.3R5 do not properly process nested XML entities, which allows remote attackers to cause a denial of service (memory consumption and memory errors) via a crafted XML document.",0.0099,0.59427,False,,,,,
CVE-2018-14366,6.1,MEDIUM,2018-09-06T23:29:00.367,download.cgi in Pulse Secure Pulse Connect Secure 8.1RX before 8.1R13 and 8.3RX before 8.3R4 and Pulse Policy Secure through 5.2RX before 5.2R10 and 5.4RX before 5.4R4 have an Open Redirect Vulnerability.,0.01482,0.71624,False,,,,,
CVE-2018-15726,5.3,MEDIUM,2018-09-06T23:29:00.490,The Pulse Secure Desktop (macOS) 5.3RX before 5.3R5 and 9.0R1 has a Privilege Escalation Vulnerability.,0.00334,0.26119,False,,,,,
CVE-2018-15749,5.5,MEDIUM,2018-09-06T23:29:00.663,The Pulse Secure Desktop (macOS) 5.3RX before 5.3R5 and 9.0R1 has a Format String Vulnerability.,0.00316,0.24203,False,,,,,
CVE-2018-15865,7.8,HIGH,2018-09-06T23:29:00.803,The Pulse Secure Desktop (macOS) has a Privilege Escalation Vulnerability.,0.00317,0.24272,False,,,,,
CVE-2018-16261,6.8,MEDIUM,2018-09-06T23:29:01.083,"In Pulse Secure Pulse Desktop Client 5.3RX before 5.3R5 and 9.0R1, there is a Privilege Escalation Vulnerability with Dynamic Certificate Trust.",0.00202,0.10353,False,,,,,
CVE-2018-6320,9.8,CRITICAL,2018-09-06T23:29:02.053,A vulnerability has been discovered in login.cgi in Pulse Secure Pulse Connect Secure (PCS) 8.1RX before 8.1R12 and 8.3RX before 8.3R2 and Pulse Policy Secure (PPS) 5.2RX before 5.2R9 and 5.4RX before 5.4R2 wherein an http(s) Host header received from the browser is trusted without validation.,0.04079,0.89785,False,,,,,
CVE-2018-7572,6.8,MEDIUM,2018-09-12T16:29:04.037,"Pulse Secure Client 9.0R1 and 5.3RX before 5.3R5, when configured to authenticate VPN users during Windows Logon, can allow attackers to bypass Windows authentication and execute commands on the system with the privileges of Pulse Secure Client. The attacker must interrupt the client's network connectivity, and trigger a connection to a crafted proxy server with an invalid SSL certificate that allows certification-manager access, leading to the ability to browse local files and execute local programs.",0.00364,0.29393,False,,,,,
CVE-2018-11002,5.5,MEDIUM,2018-11-29T16:29:00.277,Pulse Secure Desktop Client 5.3 up to and including R6.0 build 1769 on Windows has Insecure Permissions.,0.00902,0.5656,False,,,,,
CVE-2018-20306,5.4,MEDIUM,2018-12-20T09:29:00.433,A stored cross-site scripting (XSS) vulnerability in the web administration user interface of Pulse Secure Virtual Traffic Manager may allow a remote authenticated attacker to inject web script or HTML via a crafted website and steal sensitive data and credentials. Affected releases are Pulse Secure Virtual Traffic Manager 9.9 versions prior to 9.9r2 and 10.4r1.,0.00539,0.42628,False,,,,,
CVE-2018-20307,4.3,MEDIUM,2018-12-20T09:29:00.477,Pulse Secure Virtual Traffic Manager 9.9 versions prior to 9.9r2 and 10.4r1 allow a remote authenticated user to obtain sensitive historical activity information by leveraging incorrect permission validation.,0.00833,0.54423,False,,,,,
CVE-2018-20193,8.8,HIGH,2018-12-21T23:29:00.823,"Certain Secure Access SA Series SSL VPN products (originally developed by Juniper Networks but now sold and supported by Pulse Secure, LLC) allow privilege escalation, as demonstrated by Secure Access SSL VPN SA-4000 5.1R5 (build 9627) 4.2 Release (build 7631). This occurs because appropriate controls are not performed. Specifically, it is possible for a readonly user to change the administrator user password by making a local copy of the /dana-admin/user/update.cgi page, changing the ""user"" value, and saving the changes.",0.01297,0.67813,False,,,,,
CVE-2019-11213,8.1,HIGH,2019-04-12T15:29:00.230,"In Pulse Secure Pulse Desktop Client and Network Connect, an attacker could access session tokens to replay and spoof sessions, and as a result, gain unauthorized access as an end user, a related issue to CVE-2019-1573. (The endpoint would need to be already compromised for exploitation to succeed.) This affects Pulse Desktop Client 5.x before Secure Desktop 5.3R7 and Pulse Desktop Client 9.x before Secure Desktop 9.0R3. It also affects (for Network Connect customers) Pulse Connect Secure 8.1 before 8.1R14, 8.3 before 8.3R7, and 9.0 before 9.0R3.",0.02822,0.85309,False,,,,,
CVE-2019-11538,7.7,HIGH,2019-04-26T02:29:00.237,"In Pulse Secure Pulse Connect Secure version 9.0RX before 9.0R3.4, 8.3RX before 8.3R7.1, 8.2RX before 8.2R12.1, and 8.1RX before 8.1R15.1, an NFS problem could allow an authenticated attacker to access the contents of arbitrary files on the affected device.",0.07427,0.93884,False,,,,,
CVE-2019-11539,7.2,HIGH,2019-04-26T02:29:00.300,"In Pulse Secure Pulse Connect Secure version 9.0RX before 9.0R3.4, 8.3RX before 8.3R7.1, 8.2RX before 8.2R12.1, and 8.1RX before 8.1R15.1 and Pulse Policy Secure version 9.0RX before 9.0R3.2, 5.4RX before 5.4R7.1, 5.3RX before 5.3R12.1, 5.2RX before 5.2R12.1, and 5.1RX before 5.1R15.1, the admin web interface allows an authenticated attacker to inject and execute commands.",0.98617,0.9992,True,2021-11-03,Known,Ivanti Pulse Connect Secure and Policy Secure Command Injection Vulnerability,Ivanti Pulse Connect Secure and Policy Secure allows an authenticated attacker from the admin web interface to inject and execute commands.,Apply updates per vendor instructions.
CVE-2019-11540,9.8,CRITICAL,2019-04-26T02:29:00.360,"In Pulse Secure Pulse Connect Secure version 9.0RX before 9.0R3.4 and 8.3RX before 8.3R7.1 and Pulse Policy Secure version 9.0RX before 9.0R3.2 and 5.4RX before 5.4R7.1, an unauthenticated, remote attacker can conduct a session hijacking attack.",0.08259,0.94396,False,,,,,
CVE-2019-11541,7.5,HIGH,2019-04-26T02:29:00.423,"In Pulse Secure Pulse Connect Secure version 9.0RX before 9.0R3.4, 8.3RX before 8.3R7.1, and 8.2RX before 8.2R12.1, users using SAML authentication with the Reuse Existing NC (Pulse) Session option may see authentication leaks.",0.03989,0.89583,False,,,,,
CVE-2019-11542,7.2,HIGH,2019-04-26T02:29:00.487,"In Pulse Secure Pulse Connect Secure version 9.0RX before 9.0R3.4, 8.3RX before 8.3R7.1, 8.2RX before 8.2R12.1, and 8.1RX before 8.1R15.1 and Pulse Policy Secure version 9.0RX before 9.0R3.2, 5.4RX before 5.4R7.1, 5.3RX before 5.3R12.1, 5.2RX before 5.2R12.1, and 5.1RX before 5.1R15.1, an authenticated attacker (via the admin web interface) can send a specially crafted message resulting in a stack buffer overflow.",0.6612,0.99209,False,,,,,
CVE-2019-11543,6.1,MEDIUM,2019-04-26T02:29:00.550,"XSS exists in the admin web console in Pulse Secure Pulse Connect Secure (PCS) 9.0RX before 9.0R3.4, 8.3RX before 8.3R7.1, and 8.1RX before 8.1R15.1 and Pulse Policy Secure 9.0RX before 9.0R3.2, 5.4RX before 5.4R7.1, and 5.2RX before 5.2R12.1.",0.0311,0.86602,False,,,,,
CVE-2019-11507,6.1,MEDIUM,2019-05-08T17:29:00.363,"In Pulse Secure Pulse Connect Secure (PCS) 8.3.x before 8.3R7.1 and 9.0.x before 9.0R3, an XSS issue has been found on the Application Launcher page.",0.04055,0.89735,False,,,,,
CVE-2019-11508,7.2,HIGH,2019-05-08T17:29:00.537,"In Pulse Secure Pulse Connect Secure (PCS) before 8.1R15.1, 8.2 before 8.2R12.1, 8.3 before 8.3R7.1, and 9.0 before 9.0R3.4, an authenticated attacker (via the admin web interface) can exploit Directory Traversal to execute arbitrary code on the appliance.",0.14953,0.96399,False,,,,,
CVE-2019-11510,10.0,CRITICAL,2019-05-08T17:29:00.630,"In Pulse Secure Pulse Connect Secure (PCS) 8.2 before 8.2R12.1, 8.3 before 8.3R7.1, and 9.0 before 9.0R3.4, an unauthenticated remote attacker can send a specially crafted URI to perform an arbitrary file reading vulnerability .",0.99999,0.99995,True,2021-11-03,Known,Ivanti Pulse Connect Secure Arbitrary File Read Vulnerability,Ivanti Pulse Connect Secure contains an arbitrary file read vulnerability that allows an unauthenticated remote attacker with network access via HTTPS to send a specially crafted URI.,Apply updates per vendor instructions.
CVE-2019-11509,8.8,HIGH,2019-06-03T20:29:00.517,"In Pulse Secure Pulse Connect Secure (PCS) before 8.1R15.1, 8.2 before 8.2R12.1, 8.3 before 8.3R7.1, and 9.0 before 9.0R3.4 and Pulse Policy Secure (PPS) before 5.1R15.1, 5.2 before 5.2R12.1, 5.3 before 5.3R15.1, 5.4 before 5.4R7.1, and 9.0 before 9.0R3.2, an authenticated attacker (via the admin web interface) can exploit Incorrect Access Control to execute arbitrary code on the appliance.",0.07817,0.94129,False,,,,,
CVE-2018-20807,6.1,MEDIUM,2019-06-28T18:15:10.927,"An XSS issue has been found in welcome.cgi in Pulse Secure Pulse Connect Secure (PCS) 8.1.x before 8.1R12, 8.2.x before 8.2R9, and 8.3.x before 8.3R3 due to one of the URL parameters not being sanitized properly.",0.01602,0.73627,False,,,,,
CVE-2018-20808,6.1,MEDIUM,2019-06-28T18:15:10.973,An XSS issue has been found with rd.cgi in Pulse Secure Pulse Connect Secure 8.3RX before 8.3R3 due to improper header sanitization. This is not applicable to 8.1RX.,0.01602,0.73627,False,,,,,
CVE-2018-20809,7.5,HIGH,2019-06-28T18:15:11.003,A crafted message can cause the web server to crash with Pulse Secure Pulse Connect Secure (PCS) 8.3RX before 8.3R5 and Pulse Policy Secure 5.4RX before 5.4R5. This is not applicable to PCS 8.1RX.,0.02725,0.8473,False,,,,,
CVE-2018-20810,9.8,CRITICAL,2019-06-28T18:15:11.067,"Session data between cluster nodes during cluster synchronization is not properly encrypted in Pulse Secure Pulse Connect Secure (PCS) 8.3RX before 8.3R2 and Pulse Policy Secure (PPS) 5.4RX before 5.4R2. This is not applicable to PCS 8.1RX, PPS 5.2RX, or stand-alone devices.",0.0177,0.76115,False,,,,,
CVE-2018-20811,5.3,MEDIUM,2019-06-28T18:15:11.097,A hidden RPC service issue was found with Pulse Secure Pulse Connect Secure 8.3RX before 8.3R2 and 8.1RX before 8.1R12.,0.0215,0.80491,False,,,,,
CVE-2018-20812,7.5,HIGH,2019-06-28T18:15:11.143,An information exposure issue where IPv6 DNS traffic would be sent outside of the VPN tunnel (when Traffic Enforcement was enabled) exists in Pulse Secure Pulse Secure Desktop 9.0R1 and below. This is applicable only to dual-stack (IPv4/IPv6) endpoints.,0.01111,0.6302,False,,,,,
CVE-2018-20813,9.8,CRITICAL,2019-06-28T18:15:11.190,An input validation issue has been found with login_meeting.cgi in Pulse Secure Pulse Connect Secure 8.3RX before 8.3R2.,0.03079,0.86479,False,,,,,
CVE-2018-20814,6.1,MEDIUM,2019-06-28T18:15:11.237,An XSS issue was found with Psaldownload.cgi in Pulse Secure Pulse Connect Secure (PCS) 8.3R2 before 8.3R2 and Pulse Policy Secure (PPS) 5.4RX before 5.4R2. This is not applicable to PCS 8.1RX or PPS 5.2RX.,0.01587,0.73387,False,,,,,
CVE-2020-11580,9.1,CRITICAL,2020-04-06T21:15:13.513,"An issue was discovered in Pulse Secure Pulse Connect Secure (PCS) through 2020-04-06. The applet in tncc.jar, executed on macOS, Linux, and Solaris clients when a Host Checker policy is enforced, accepts an arbitrary SSL certificate.",0.01072,0.61907,False,,,,,
CVE-2020-11581,8.1,HIGH,2020-04-06T21:15:13.560,"An issue was discovered in Pulse Secure Pulse Connect Secure (PCS) through 2020-04-06. The applet in tncc.jar, executed on macOS, Linux, and Solaris clients when a Host Checker policy is enforced, allows a man-in-the-middle attacker to perform OS command injection attacks (against a client) via shell metacharacters to the doCustomRemediateInstructions method, because Runtime.getRuntime().exec() is used.",0.09839,0.95117,False,,,,,
CVE-2020-11582,8.8,HIGH,2020-04-06T21:15:13.607,"An issue was discovered in Pulse Secure Pulse Connect Secure (PCS) through 2020-04-06. The applet in tncc.jar, executed on macOS, Linux, and Solaris clients when a Host Checker policy is enforced, launches a TCP server that accepts local connections on a random port. This can be reached by local HTTP clients, because up to 25 invalid lines are ignored, and because DNS rebinding can occur. (This server accepts, for example, a setcookie command that might be relevant to CVE-2020-11581 exploitation.)",0.00879,0.55895,False,,,,,
CVE-2020-13162,7.0,HIGH,2020-06-16T20:15:13.380,A time-of-check time-of-use vulnerability in PulseSecureService.exe in Pulse Secure Client versions prior to 9.1.6 down to 5.3 R70 for Windows (which runs as NT AUTHORITY/SYSTEM) allows unprivileged users to run a Microsoft Installer executable with elevated privileges.,0.00793,0.53129,False,,,,,
CVE-2020-12880,5.5,MEDIUM,2020-07-27T23:15:12.497,"An issue was discovered in Pulse Policy Secure (PPS) and Pulse Connect Secure (PCS) Virtual Appliance before 9.1R8. By manipulating a certain kernel boot parameter, it can be tricked into dropping into a root shell in a pre-install phase where the entire source code of the appliance is available and can be retrieved. (The source code is otherwise inaccessible because the appliance has its hard disks encrypted, and no root shell is available during normal operation.)",0.00477,0.3899,False,,,,,
CVE-2020-15408,3.7,LOW,2020-07-28T15:15:11.890,An issue was discovered in Pulse Secure Pulse Connect Secure before 9.1R8. An authenticated attacker can access the admin page console via the end-user web interface because of a rewrite.,0.0077,0.524,False,,,,,
CVE-2020-8204,6.1,MEDIUM,2020-07-30T13:15:11.470,A cross site scripting (XSS) vulnerability exists in Pulse Connect Secure <9.1R5 on the PSAL Page.,0.01813,0.76704,False,,,,,
CVE-2020-8206,8.1,HIGH,2020-07-30T13:15:11.533,An improper authentication vulnerability exists in Pulse Connect Secure <9.1RB that allows an attacker with a users primary credentials to bypass the Google TOTP.,0.02991,0.86109,False,,,,,
CVE-2020-8216,4.3,MEDIUM,2020-07-30T13:15:11.707,"An information disclosure vulnerability in meeting of Pulse Connect Secure <9.1R8 allowed an authenticated end-users to find meeting details, if they know the Meeting ID.",0.02283,0.81601,False,,,,,
CVE-2020-8217,5.4,MEDIUM,2020-07-30T13:15:11.783,A cross site scripting (XSS) vulnerability in Pulse Connect Secure <9.1R8 allowed attackers to exploit in the URL used for Citrix ICA.,0.01354,0.69117,False,,,,,
CVE-2020-8218,7.2,HIGH,2020-07-30T13:15:11.847,A code injection vulnerability exists in Pulse Connect Secure <9.1R8 that allows an attacker to crafted a URI to perform an arbitrary code execution via the admin web interface.,0.3225,0.98167,True,2022-03-07,Unknown,Pulse Connect Secure Code Injection Vulnerability,A code injection vulnerability exists in Pulse Connect Secure that allows an attacker to crafted a URI to perform an arbitrary code execution via the admin web interface.,Apply updates per vendor instructions.
CVE-2020-8219,7.2,HIGH,2020-07-30T13:15:11.907,An insufficient permission check vulnerability exists in Pulse Connect Secure <9.1R8 that allows an attacker to change the password of a full administrator.,0.02224,0.81119,False,,,,,
CVE-2020-8220,6.5,MEDIUM,2020-07-30T13:15:11.987,A denial of service vulnerability exists in Pulse Connect Secure <9.1R8 that allows an authenticated attacker to perform command injection via the administrator web which can cause DOS.,0.0246,0.82996,False,,,,,
CVE-2020-8221,4.9,MEDIUM,2020-07-30T13:15:12.063,A path traversal vulnerability exists in Pulse Connect Secure <9.1R8 which allows an authenticated attacker to read arbitrary files via the administrator web interface.,0.0228,0.81582,False,,,,,
CVE-2020-8222,6.8,MEDIUM,2020-07-30T13:15:12.157,A path traversal vulnerability exists in Pulse Connect Secure <9.1R8 that allowed an authenticated attacker via the administrator web interface to perform an arbitrary file reading vulnerability through Meeting.,0.0228,0.81582,False,,,,,
CVE-2020-8238,6.1,MEDIUM,2020-09-30T18:15:28.990,A vulnerability in the authenticated user web interface of Pulse Connect Secure and Pulse Policy Secure < 9.1R8.2 could allow attackers to conduct Cross-Site Scripting (XSS).,0.01738,0.75667,False,,,,,
CVE-2020-8243,7.2,HIGH,2020-09-30T18:15:29.070,A vulnerability in the Pulse Connect Secure < 9.1R8.2 admin web interface could allow an authenticated attacker to upload custom template to perform an arbitrary code execution.,0.90759,0.99795,True,2021-11-03,Unknown,Ivanti Pulse Connect Secure Code Execution Vulnerability,Ivanti Pulse Connect Secure contains an unspecified vulnerability in the admin web interface that could allow an authenticated attacker to upload a custom template to perform code execution.,Apply updates per vendor instructions.
CVE-2020-8256,4.9,MEDIUM,2020-09-30T18:15:29.287,A vulnerability in the Pulse Connect Secure < 9.1R8.2 admin web interface could allow an authenticated attacker to gain arbitrary file reading access through Pulse Collaboration via XML External Entity (XXE) vulnerability.,0.03356,0.87623,False,,,,,
CVE-2020-15352,7.2,HIGH,2020-10-27T05:15:12.787,An XML external entity (XXE) vulnerability in Pulse Connect Secure (PCS) before 9.1R9 and Pulse Policy Secure (PPS) before 9.1R9 allows remote authenticated admins to conduct server-side request forgery (SSRF) attacks via a crafted DTD in an XML request.,0.032,0.86989,False,,,,,
CVE-2020-8956,3.3,LOW,2020-10-27T05:15:13.363,Pulse Secure Desktop Client 9.0Rx before 9.0R5 and 9.1Rx before 9.1R4 on Windows reveals users' passwords if Save Settings is enabled.,0.01155,0.64166,False,,,,,
CVE-2020-8239,9.8,CRITICAL,2020-10-28T13:15:12.307,A vulnerability in the Pulse Secure Desktop Client < 9.1R9 is vulnerable to the client registry privilege escalation attack. This fix also requires Server Side Upgrade due to Standalone Host Checker Client (Windows) and Windows PDC.,0.02022,0.79222,False,,,,,
CVE-2020-8240,7.8,HIGH,2020-10-28T13:15:12.387,A vulnerability in the Pulse Secure Desktop Client < 9.1R9 allows a restricted user on an endpoint machine can use system-level privileges if the Embedded Browser is configured with Credential Provider. This vulnerability only affects Windows PDC if the Embedded Browser is configured with the Credential Provider.,0.00325,0.25137,False,,,,,
CVE-2020-8241,7.5,HIGH,2020-10-28T13:15:12.447,A vulnerability in the Pulse Secure Desktop Client < 9.1R9 could allow the attacker to perform a MITM Attack if end users are convinced to connect to a malicious server.,0.01743,0.75722,False,,,,,
CVE-2020-8248,7.8,HIGH,2020-10-28T13:15:12.527,A vulnerability in the Pulse Secure Desktop Client (Linux) < 9.1R9 could allow local attackers to escalate privilege.,0.00488,0.39629,False,,,,,
CVE-2020-8249,7.8,HIGH,2020-10-28T13:15:12.590,A vulnerability in the Pulse Secure Desktop Client (Linux) < 9.1R9 could allow local attackers to perform buffer overflow.,0.00503,0.4053,False,,,,,
CVE-2020-8250,7.8,HIGH,2020-10-28T13:15:12.650,A vulnerability in the Pulse Secure Desktop Client (Linux) < 9.1R9 could allow local attackers to escalate privilege.,0.00483,0.39366,False,,,,,
CVE-2020-8254,8.8,HIGH,2020-10-28T13:15:12.747,"A vulnerability in the Pulse Secure Desktop Client < 9.1R9 has Remote Code Execution (RCE) if users can be convinced to connect to a malicious server. This vulnerability only affects Windows PDC.To improve the security of connections between Pulse clients and Pulse Connect Secure, see below recommendation(s):Disable Dynamic certificate trust for PDC.",0.02123,0.80234,False,,,,,
CVE-2020-8255,4.9,MEDIUM,2020-10-28T13:15:12.963,A vulnerability in the Pulse Connect Secure < 9.1R9 admin web interface could allow an authenticated attacker to perform an arbitrary file reading vulnerability is fixed using encrypted URL blacklisting that prevents these messages.,0.02264,0.81439,False,,,,,
CVE-2020-8260,7.2,HIGH,2020-10-28T13:15:13.027,A vulnerability in the Pulse Connect Secure < 9.1R9 admin web interface could allow an authenticated attacker to perform an arbitrary code execution using uncontrolled gzip extraction.,0.9648,0.99877,True,2021-11-03,Unknown,Ivanti Pulse Connect Secure Code Execution Vulnerability,Pulse Connect Secure contains an unspecified vulnerability that allows an authenticated attacker to perform code execution using uncontrolled gzip extraction.,Apply updates per vendor instructions.
CVE-2020-8261,4.3,MEDIUM,2020-10-28T13:15:13.137,A vulnerability in the Pulse Connect Secure / Pulse Policy Secure < 9.1R9 is vulnerable to arbitrary cookie injection.,0.02151,0.80494,False,,,,,
CVE-2020-8262,6.1,MEDIUM,2020-10-28T13:15:13.213,A vulnerability in the Pulse Connect Secure / Pulse Policy Secure below 9.1R9 could allow attackers to conduct Cross-Site Scripting (XSS) and Open Redirection for authenticated user web interface.,0.01848,0.77169,False,,,,,
CVE-2020-8263,5.4,MEDIUM,2020-10-28T13:15:13.293,A vulnerability in the authenticated user web interface of Pulse Connect Secure < 9.1R9 could allow attackers to conduct Cross-Site Scripting (XSS) through the CGI file.,0.00688,0.49507,False,,,,,
CVE-2021-22887,2.3,LOW,2021-03-16T16:15:14.037,"A vulnerability in the BIOS of Pulse Secure (PSA-Series Hardware) models PSA5000 and PSA7000 could allow an attacker to compromise BIOS firmware. This vulnerability can be exploited only as part of an attack chain. Before an attacker can compromise the BIOS, they must exploit the device.",0.00249,0.16349,False,,,,,
CVE-2021-22893,10.0,CRITICAL,2021-04-23T17:15:08.127,Pulse Connect Secure 9.0R3/9.1R1 and higher is vulnerable to an authentication bypass vulnerability exposed by the Windows File Share Browser and Pulse Secure Collaboration features of Pulse Connect Secure that can allow an unauthenticated user to perform remote arbitrary code execution on the Pulse Connect Secure gateway. This vulnerability has been exploited in the wild.,0.47172,0.98729,True,2021-11-03,Known,Ivanti Pulse Connect Secure Use-After-Free Vulnerability,"Ivanti Pulse Connect Secure contains a use-after-free vulnerability that allow a remote, unauthenticated attacker to execute code via license services.",Apply updates per vendor instructions.
CVE-2021-31922,7.5,HIGH,2021-05-14T01:15:06.937,"An HTTP Request Smuggling vulnerability in Pulse Secure Virtual Traffic Manager before 21.1 could allow an attacker to smuggle an HTTP request through an HTTP/2 Header. This vulnerability is resolved in 21.1, 20.3R1, 20.2R1, 20.1R2, 19.2R4, and 18.2R3.",0.00973,0.58906,False,,,,,
CVE-2021-22894,8.8,HIGH,2021-05-27T12:15:07.923,A buffer overflow vulnerability exists in Pulse Connect Secure before 9.1R11.4 allows a remote authenticated attacker to execute arbitrary code as the root user via maliciously crafted meeting room.,0.41284,0.98543,True,2021-11-03,Unknown,Ivanti Pulse Connect Secure Collaboration Suite Buffer Overflow Vulnerability,Ivanti Pulse Connect Secure Collaboration Suite contains a buffer overflow vulnerabilities that allows a remote authenticated users to execute code as the root user via maliciously crafted meeting room.,Apply updates per vendor instructions.
CVE-2021-22899,8.8,HIGH,2021-05-27T12:15:07.963,A command injection vulnerability exists in Pulse Connect Secure before 9.1R11.4 allows a remote authenticated attacker to perform remote code execution via Windows Resource Profiles Feature,0.22915,0.97538,True,2021-11-03,Unknown,Ivanti Pulse Connect Secure Command Injection Vulnerability,Ivanti Pulse Connect Secure contains a command injection vulnerability that allows remote authenticated users to perform remote code execution via Windows File Resource Profiles.,Apply updates per vendor instructions.
CVE-2021-22900,7.2,HIGH,2021-05-27T12:15:07.997,A vulnerability allowed multiple unrestricted uploads in Pulse Connect Secure before 9.1R11.4 that could lead to an authenticated administrator to perform a file write via a maliciously crafted archive upload in the administrator web interface.,0.14146,0.96241,True,2021-11-03,Unknown,Ivanti Pulse Connect Secure Unrestricted File Upload Vulnerability,Ivanti Pulse Connect Secure contains an unrestricted file upload vulnerability that allows an authenticated administrator to perform a file write via a maliciously crafted archive upload in the administrator web interface.,Apply updates per vendor instructions.
CVE-2021-22933,6.5,MEDIUM,2021-08-16T19:15:13.343,A vulnerability in Pulse Connect Secure before 9.1R12 could allow an authenticated administrator to perform an arbitrary file delete via a maliciously crafted web request.,0.01378,0.69627,False,,,,,
CVE-2021-22934,7.2,HIGH,2021-08-16T19:15:13.447,A vulnerability in Pulse Connect Secure before 9.1R12 could allow an authenticated administrator or compromised Pulse Connect Secure device in a load-balanced configuration to perform a buffer overflow via a malicious crafted web request.,0.0467,0.90944,False,,,,,
CVE-2021-22935,7.2,HIGH,2021-08-16T19:15:13.537,A vulnerability in Pulse Connect Secure before 9.1R12 could allow an authenticated administrator to perform command injection via an unsanitized web parameter.,0.02101,0.80042,False,,,,,
CVE-2021-22936,6.1,MEDIUM,2021-08-16T19:15:13.627,A vulnerability in Pulse Connect Secure before 9.1R12 could allow a threat actor to perform a cross-site script attack against an authenticated administrator via an unsanitized web parameter.,0.00848,0.5488,False,,,,,
CVE-2021-22937,7.2,HIGH,2021-08-16T19:15:13.720,A vulnerability in Pulse Connect Secure before 9.1R12 could allow an authenticated administrator to perform a file write via a maliciously crafted archive uploaded in the administrator web interface.,0.07828,0.94135,False,,,,,
CVE-2021-22938,7.2,HIGH,2021-08-16T19:15:13.807,A vulnerability in Pulse Connect Secure before 9.1R12 could allow an authenticated administrator to perform command injection via an unsanitized web parameter in the administrator web console.,0.02101,0.80042,False,,,,,
CVE-2021-22965,7.5,HIGH,2021-11-19T19:15:08.263,A vulnerability in Pulse Connect Secure before 9.1R12.1 could allow an unauthenticated administrator to causes a denial of service when a malformed request is sent to the device.,0.02123,0.80231,False,,,,,
CVE-2021-44720,7.2,HIGH,2022-08-12T15:15:09.170,"In Ivanti Pulse Secure Pulse Connect Secure (PCS) before 9.1R12, the administrator password is stored in the HTML source code of the ""Maintenance > Push Configuration > Targets > Target Name"" targets.cgi screen. A read-only administrative user can escalate to a read-write administrative role.",0.02543,0.83561,False,,,,,
CVE-2022-21826,5.4,MEDIUM,2022-09-30T17:15:12.183,"Pulse Secure version 9.115 and below may be susceptible to client-side http request smuggling, When the application receives a POST request, it ignores the request's Content-Length header and leaves the POST body on the TCP/TLS socket. This body ends up prefixing the next HTTP request sent down that connection, this means when someone loads website attacker may be able to make browser issue a POST to the application, enabling XSS.",0.45229,0.98672,False,,,,,
CVE-2023-34298,7.8,HIGH,2024-05-03T02:15:30.500,"Pulse Secure Client SetupService Directory Traversal Local Privilege Escalation Vulnerability. This vulnerability allows local attackers to escalate privileges on affected installations of Pulse Secure Client. An attacker must first obtain the ability to execute low-privileged code on the target system in order to exploit this vulnerability.

The specific flaw exists within SetupService. The issue results from the lack of proper validation of a user-supplied path prior to using it in file operations. An attacker can leverage this vulnerability to escalate privileges and execute arbitrary code in the context of the service. Was ZDI-CAN-17687.",0.0097,0.58797,False,,,,,
